序號,製程代碼,製程名稱,序號. 製程代碼 製程名稱
1,000000,非製造程序產出類別,1. 000000 非製造程序產出類別
2,000001,鍋爐蒸氣產生程序,2. 000001 鍋爐蒸氣產生程序
3,000002,熱媒加熱程序,3. 000002 熱媒加熱程序
4,000003,鍋爐汽電共生程序,4. 000003 鍋爐汽電共生程序
5,000004,廢氣處理程序,5. 000004 廢氣處理程序
6,000005,廢氣焚化處理程序,6. 000005 廢氣焚化處理程序
7,000006,堆置場作業程序,7. 000006 堆置場作業程序
8,000007,揮發性有機液體儲槽作業程序,8. 000007 揮發性有機液體儲槽作業程序
9,000008,非參與製程生產之有機溶劑作業程序,9. 000008 非參與製程生產之有機溶劑作業程序
10,000999,其他未分類製程,10. 000999 其他未分類製程
11,010001,稻作栽培作業程序,11. 010001 稻作栽培作業程序
12,010002,雜糧栽培作業程序,12. 010002 雜糧栽培作業程序
13,010003,特用作物栽培作業程序,13. 010003 特用作物栽培作業程序
14,010004,蔬菜栽培作業程序,14. 010004 蔬菜栽培作業程序
15,010005,果樹栽培作業程序,15. 010005 果樹栽培作業程序
16,010006,食用菌菇類栽培作業程序,16. 010006 食用菌菇類栽培作業程序
17,010007,花卉栽培作業程序,17. 010007 花卉栽培作業程序
18,010009,其他農作物栽培作業程序,18. 010009 其他農作物栽培作業程序
19,010011,牛飼育作業程序,19. 010011 牛飼育作業程序
20,010012,豬飼育作業程序,20. 010012 豬飼育作業程序
21,010019,其他家畜飼育作業程序,21. 010019 其他家畜飼育作業程序
22,010021,雞飼育作業程序,22. 010021 雞飼育作業程序
23,010022,鴨飼育作業程序,23. 010022 鴨飼育作業程序
24,010023,家禽蛋生產程序,24. 010023 家禽蛋生產程序
25,010029,其他家禽飼育作業程序,25. 010029 其他家禽飼育作業程序
26,010031,作物栽培服務作業程序,26. 010031 作物栽培服務作業程序
27,010032,農產品整理作業程序,27. 010032 農產品整理作業程序
28,010033,畜牧服務作業程序,28. 010033 畜牧服務作業程序
29,010034,苜蓿脫水／牧草處理程序,29. 010034 苜蓿脫水／牧草處理程序
30,010039,其他農事服務作業程序,30. 010039 其他農事服務作業程序
31,020001,造林作業程序,31. 020001 造林作業程序
32,020002,伐木作業程序,32. 020002 伐木作業程序
33,030001,野生物採捕作業程序,33. 030001 野生物採捕作業程序
34,030002,漁撈作業程序,34. 030002 漁撈作業程序
35,030003,水產養殖作業程序,35. 030003 水產養殖作業程序
36,050001,原油生產(採取)作業程序,36. 050001 原油生產(採取)作業程序
37,050002,天然氣生產(採取)作業程序,37. 050002 天然氣生產(採取)作業程序
38,060001,砂石採取作業程序,38. 060001 砂石採取作業程序
39,060002,黏土採取作業程序,39. 060002 黏土採取作業程序
40,070001,金屬礦採集／處理程序,40. 070001 金屬礦採集／處理程序
41,070002,磷酸鹽礦採集／處理程序,41. 070002 磷酸鹽礦採集／處理程序
42,070003,鹽礦採集／處理程序,42. 070003 鹽礦採集／處理程序
43,070004,碳酸鎂採集／處理程序,43. 070004 碳酸鎂採集／處理程序
44,070005,矽藻土採集／處理程序,44. 070005 矽藻土採集／處理程序
45,070006,石綿礦採集／處理程序,45. 070006 石綿礦採集／處理程序
46,070007,蛭石採集處理程序,46. 070007 蛭石採集處理程序
47,070099,其他礦業及土石採取作業程序,47. 070099 其他礦業及土石採取作業程序
48,080001,冷凍食品製造程序,48. 080001 冷凍食品製造程序
49,080002,肉類燻製食品製造程序,49. 080002 肉類燻製食品製造程序
50,080009,其他肉品製造程序,50. 080009 其他肉品製造程序
51,080012,漁產品製造程序,51. 080012 漁產品製造程序
52,080019,其他水產品製造程序,52. 080019 其他水產品製造程序
53,080022,花生處理程序,53. 080022 花生處理程序
54,080023,種子處理程序,54. 080023 種子處理程序
55,080024,香菇食品製造程序,55. 080024 香菇食品製造程序
56,080029,其他蔬果製品製造程序,56. 080029 其他蔬果製品製造程序
57,080031,動物油處理製造程序,57. 080031 動物油處理製造程序
58,080032,植物油處理製造程序,58. 080032 植物油處理製造程序
59,080033,乳品製造程序,59. 080033 乳品製造程序
60,080034,穀粒起卸程序,60. 080034 穀粒起卸程序
61,080035,碾穀處理作業程序,61. 080035 碾穀處理作業程序
62,080036,磨粉程序,62. 080036 磨粉程序
63,080037,磨粉製品製造程序,63. 080037 磨粉製品製造程序
64,080038,澱粉製造程序,64. 080038 澱粉製造程序
65,080039,澱粉製品製造程序,65. 080039 澱粉製品製造程序
66,080040,飼料製造程序,66. 080040 飼料製造程序
67,080041,動物飼料製造(配製)程序,67. 080041 動物飼料製造(配製)程序
68,080042,麵食(餅乾)烘焙／製造程序,68. 080042 麵食(餅乾)烘焙／製造程序
69,080044,蔗糖製造程序,69. 080044 蔗糖製造程序
70,080045,砂糖製造(精煉)程序,70. 080045 砂糖製造(精煉)程序
71,080046,糖果製造程序,71. 080046 糖果製造程序
72,080047,茶葉製造程序,72. 080047 茶葉製造程序
73,080048,咖啡製品製造程序,73. 080048 咖啡製品製造程序
74,080049,味精製造程序,74. 080049 味精製造程序
75,080050,調味品製造程序,75. 080050 調味品製造程序
76,080051,調理食品製造程序,76. 080051 調理食品製造程序
77,080052,醃漬食品製造程序,77. 080052 醃漬食品製造程序
78,080053,脫水食品製造程序,78. 080053 脫水食品製造程序
79,080054,罐頭食品製造程序,79. 080054 罐頭食品製造程序
80,080055,屠宰作業程序,80. 080055 屠宰作業程序
81,080999,其他食品製造程序,81. 080999 其他食品製造程序
82,090001,啤酒製造程序,82. 090001 啤酒製造程序
83,090002,醱酵／威士忌釀製程序,83. 090002 醱酵／威士忌釀製程序
84,090003,醱酵／葡萄酒釀製程序,84. 090003 醱酵／葡萄酒釀製程序
85,090009,其他飲料製造程序,85. 090009 其他飲料製造程序
86,100001,菸草製造程序,86. 100001 菸草製造程序
87,110001,棉紡紗製造程序,87. 110001 棉紡紗製造程序
88,110002,毛紡紗製造程序,88. 110002 毛紡紗製造程序
89,110003,軋棉處理程序,89. 110003 軋棉處理程序
90,110004,人造纖維紡紗製造程序,90. 110004 人造纖維紡紗製造程序
91,110005,人造纖維加工絲製造程序,91. 110005 人造纖維加工絲製造程序
92,110009,其他紡紗製造程序,92. 110009 其他紡紗製造程序
93,110011,棉梭織布製造程序,93. 110011 棉梭織布製造程序
94,110012,毛梭織布製造程序,94. 110012 毛梭織布製造程序
95,110013,人造纖維梭織布製造程序,95. 110013 人造纖維梭織布製造程序
96,110014,玻璃纖維梭織布製造程序,96. 110014 玻璃纖維梭織布製造程序
97,110015,針織布製造程序,97. 110015 針織布製造程序
98,110019,其他織布製造程序,98. 110019 其他織布製造程序
99,110021,不織布製造程序,99. 110021 不織布製造程序
100,110022,繩、纜、網製造程序,100. 110022 繩、纜、網製造程序
101,110023,紡織品表面塗裝程序,101. 110023 紡織品表面塗裝程序
102,110024,棉紡織品製造程序,102. 110024 棉紡織品製造程序
103,110025,毛紡織品製造程序,103. 110025 毛紡織品製造程序
104,110026,絲紡織品製造程序,104. 110026 絲紡織品製造程序
105,110027,再生及合成纖維紡織品製造程序,105. 110027 再生及合成纖維紡織品製造程序
106,110029,其他紡織品製造程序,106. 110029 其他紡織品製造程序
107,110031,梭織成衣製造程序,107. 110031 梭織成衣製造程序
108,110032,針織成衣製造程序,108. 110032 針織成衣製造程序
109,110033,印染整理程序,109. 110033 印染整理程序
110,110034,纖維漂染程序,110. 110034 纖維漂染程序
111,110035,紗線漂染程序,111. 110035 紗線漂染程序
112,110036,布疋練漂程序,112. 110036 布疋練漂程序
113,110037,布疋染色程序,113. 110037 布疋染色程序
114,110038,布疋定型加工程序,114. 110038 布疋定型加工程序
115,110039,布疋印花程序,115. 110039 布疋印花程序
116,110040,布疋塗佈加工程序,116. 110040 布疋塗佈加工程序
117,110041,布疋貼合加工程序,117. 110041 布疋貼合加工程序
118,110049,其他印染整理加工程序,118. 110049 其他印染整理加工程序
119,120001,服飾品製造程序,119. 120001 服飾品製造程序
120,130001,皮革整製程序,120. 130001 皮革整製程序
121,130002,皮革表面塗裝程序,121. 130002 皮革表面塗裝程序
122,130003,再生皮製造程序,122. 130003 再生皮製造程序
123,130004,毛皮及其製品製造程序,123. 130004 毛皮及其製品製造程序
124,130011,塑膠鞋製造程序,124. 130011 塑膠鞋製造程序
125,130012,橡膠鞋製造程序,125. 130012 橡膠鞋製造程序
126,130013,皮革製品製造程序,126. 130013 皮革製品製造程序
127,130014,鞋底製造程序,127. 130014 鞋底製造程序
128,130019,其他鞋類製造程序,128. 130019 其他鞋類製造程序
129,130022,行李箱及手提袋製造程序,129. 130022 行李箱及手提袋製造程序
130,130099,其他皮革、毛皮製品製造程序,130. 130099 其他皮革、毛皮製品製造程序
131,130199,其他皮革、毛皮整製業製造程序,131. 130199 其他皮革、毛皮整製業製造程序
132,140001,木材(鋸鉋)製造程序,132. 140001 木材(鋸鉋)製造程序
133,140002,木材保存處理程序,133. 140002 木材保存處理程序
134,140003,合板及組合木材製造製造程序,134. 140003 合板及組合木材製造製造程序
135,140004,合板表面加工處理程序,135. 140004 合板表面加工處理程序
136,140005,建築用木製品製造程序,136. 140005 建築用木製品製造程序
137,140006,木質容器製造程序,137. 140006 木質容器製造程序
138,140007,合板製品製造程序,138. 140007 合板製品製造程序
139,140008,木造品製造程序,139. 140008 木造品製造程序
140,140009,木製品塗裝程序,140. 140009 木製品塗裝程序
141,140999,其他木竹製品製造程序,141. 140999 其他木竹製品製造程序
142,150001,牛皮紙漿製程程序,142. 150001 牛皮紙漿製程程序
143,150002,紙張製造程序,143. 150002 紙張製造程序
144,150003,紙張表面塗裝程序,144. 150003 紙張表面塗裝程序
145,150004,紙板製造程序,145. 150004 紙板製造程序
146,150005,紙容器製造程序,146. 150005 紙容器製造程序
147,150006,家庭及衛生用紙製造程序,147. 150006 家庭及衛生用紙製造程序
148,150007,亞硫酸鹽製漿程序,148. 150007 亞硫酸鹽製漿程序
149,150008,半化學法製漿程序,149. 150008 半化學法製漿程序
150,150009,雜項紙漿製造程序,150. 150009 雜項紙漿製造程序
151,150999,其他紙製品製造程序,151. 150999 其他紙製品製造程序
152,160001,凹版印刷作業程序,152. 160001 凹版印刷作業程序
153,160002,平版印刷作業程序,153. 160002 平版印刷作業程序
154,160003,活字凸版印刷程序,154. 160003 活字凸版印刷程序
155,160004,彈性橡皮凸版印刷程序,155. 160004 彈性橡皮凸版印刷程序
156,160005,一般凸版印刷程序,156. 160005 一般凸版印刷程序
157,160006,孔版印刷程序,157. 160006 孔版印刷程序
158,160009,其他印刷作業程序,158. 160009 其他印刷作業程序
159,160011,照相製版作業程序,159. 160011 照相製版作業程序
160,160012,電子製版作業程序,160. 160012 電子製版作業程序
161,160013,網版印刷作業程序,161. 160013 網版印刷作業程序
162,160014,蝕刻製版作業程序,162. 160014 蝕刻製版作業程序
163,160015,雕刻製版作業程序,163. 160015 雕刻製版作業程序
164,160019,其他印刷品製版作業程序,164. 160019 其他印刷品製版作業程序
165,160021,印刷品裝訂及加工作業程序,165. 160021 印刷品裝訂及加工作業程序
166,160022,資料儲存媒體複製作業程序,166. 160022 資料儲存媒體複製作業程序
167,170001,原油蒸餾程序,167. 170001 原油蒸餾程序
168,170002,真空蒸餾程序,168. 170002 真空蒸餾程序
169,170003,觸媒裂解程序,169. 170003 觸媒裂解程序
170,170004,流體焦碳製造程序,170. 170004 流體焦碳製造程序
171,170005,加氫脫硫處理程序,171. 170005 加氫脫硫處理程序
172,170006,硫磺回收處理程序,172. 170006 硫磺回收處理程序
173,170007,加氫裂解程序,173. 170007 加氫裂解程序
174,170008,烷化程序,174. 170008 烷化程序
175,170009,觸媒重組程序,175. 170009 觸媒重組程序
176,170010,石油焦煉製程序,176. 170010 石油焦煉製程序
177,170011,氫氣製造程序,177. 170011 氫氣製造程序
178,170012,溶劑脫柏油程序,178. 170012 溶劑脫柏油程序
179,170013,異戊烷分離程序,179. 170013 異戊烷分離程序
180,170014,殘渣油氣化程序,180. 170014 殘渣油氣化程序
181,170015,瀝青吹煉程序,181. 170015 瀝青吹煉程序
182,170016,潤滑油製造程序,182. 170016 潤滑油製造程序
183,170017,瀝青混凝土製造程序,183. 170017 瀝青混凝土製造程序
184,170018,輕油裂解程序,184. 170018 輕油裂解程序
185,170019,煤製品製造程序,185. 170019 煤製品製造程序
186,170020,淨煤／磨煤處理程序,186. 170020 淨煤／磨煤處理程序
187,170021,煉焦製造程序,187. 170021 煉焦製造程序
188,170022,回收煤碳焦油或回收輕油或石腦油精之製造程序,188. 170022 回收煤碳焦油或回收輕油或石腦油精之製造程序
189,170023,污泥輸送程序,189. 170023 污泥輸送程序
190,170024,煤油裂解程序,190. 170024 煤油裂解程序
191,170999,其他石油製品製造程序,191. 170999 其他石油製品製造程序
192,180001,氯氣製造程序,192. 180001 氯氣製造程序
193,180002,氮氣製造程序,193. 180002 氮氣製造程序
194,180003,氨化學製造程序,194. 180003 氨化學製造程序
195,180004,硫磺化學製造程序,195. 180004 硫磺化學製造程序
196,180005,汞電極法製氯製造程序,196. 180005 汞電極法製氯製造程序
197,180006,以石墨作為陽極之橫隔製程純化氯製造程序,197. 180006 以石墨作為陽極之橫隔製程純化氯製造程序
198,180009,其他化學元素或工業氣體製造程序,198. 180009 其他化學元素或工業氣體製造程序
199,180011,硝酸製造程序,199. 180011 硝酸製造程序
200,180012,鹽酸製造程序,200. 180012 鹽酸製造程序
201,180013,氫氟酸製造程序,201. 180013 氫氟酸製造程序
202,180014,硫酸製造程序,202. 180014 硫酸製造程序
203,180015,磷酸／乾式化學製造程序,203. 180015 磷酸／乾式化學製造程序
204,180016,磷酸／濕式化學製造程序,204. 180016 磷酸／濕式化學製造程序
205,180019,其他無機酸製造程序,205. 180019 其他無機酸製造程序
206,180021,氫氧化物製造程序,206. 180021 氫氧化物製造程序
207,180022,過氧化氫製造程序,207. 180022 過氧化氫製造程序
208,180023,氧化銻製造程序,208. 180023 氧化銻製造程序
209,180024,鋁／氫氧化物鍛燒製造程序,209. 180024 鋁／氫氧化物鍛燒製造程序
210,180025,白煙製造程序,210. 180025 白煙製造程序
211,180029,其他氧化物製造程序,211. 180029 其他氧化物製造程序
212,180031,硫酸銨化學製造程序,212. 180031 硫酸銨化學製造程序
213,180032,硫酸銅製造程序,213. 180032 硫酸銅製造程序
214,180039,其他硫酸化合物製造程序,214. 180039 其他硫酸化合物製造程序
215,180041,氯化鈣化學製造程序,215. 180041 氯化鈣化學製造程序
216,180042,氯化鹽化學製造程序,216. 180042 氯化鹽化學製造程序
217,180043,碳酸鈉製造程序,217. 180043 碳酸鈉製造程序
218,180044,以二胺甲苯光氣法生產二異氰酸鹽製造程序,218. 180044 以二胺甲苯光氣法生產二異氰酸鹽製造程序
219,180045,鹼氯化學製造程序,219. 180045 鹼氯化學製造程序
220,180046,石綿化學製造程序,220. 180046 石綿化學製造程序
221,180047,水玻璃製造程序,221. 180047 水玻璃製造程序
222,180049,其他金屬或無機鹽製造程序,222. 180049 其他金屬或無機鹽製造程序
223,180051,氰化物化學製造程序,223. 180051 氰化物化學製造程序
224,180052,碳黑製造程序,224. 180052 碳黑製造程序
225,180053,氰化氫化學製造程序,225. 180053 氰化氫化學製造程序
226,180054,次碳酸鈉化學製造程序,226. 180054 次碳酸鈉化學製造程序
227,180055,哥羅普林化學製造程序,227. 180055 哥羅普林化學製造程序
228,180056,碳化鈣製品製造程序,228. 180056 碳化鈣製品製造程序
229,180059,其他基本化學材料製造程序,229. 180059 其他基本化學材料製造程序
230,180061,"2,2-雙丙烷化學製造程序","230. 180061 2,2-雙丙烷化學製造程序"
231,180062,丁二烯化學製造程序,231. 180062 丁二烯化學製造程序
232,180063,乙烯化學製造程序,232. 180063 乙烯化學製造程序
233,180064,丙烯化學製造程序,233. 180064 丙烯化學製造程序
234,180065,正丁烯化學製造程序,234. 180065 正丁烯化學製造程序
235,180066,正烷烴化學製造程序,235. 180066 正烷烴化學製造程序
236,180067,乙炔製造程序,236. 180067 乙炔製造程序
237,180068,環氧氯化丙烷製造程序,237. 180068 環氧氯化丙烷製造程序
238,180069,其他無環烴製造程序,238. 180069 其他無環烴製造程序
239,180071,以甲苯硝化製造二硝基甲苯製造程序,239. 180071 以甲苯硝化製造二硝基甲苯製造程序
240,180072,以硝化苯的製程生產硝基苯製造程序,240. 180072 以硝化苯的製程生產硝基苯製造程序
241,180073,α-(或甲基)氯甲苯、環氯甲苯、氯化苯和其官能基製造程序,241. 180073 α-(或甲基)氯甲苯、環氯甲苯、氯化苯和其官能基製造程序
242,180074,二異氰酸甲苯製造程序,242. 180074 二異氰酸甲苯製造程序
243,180075,異二氰甲苯化學製造程序,243. 180075 異二氰甲苯化學製造程序
244,180076,氯苯製造程序,244. 180076 氯苯製造程序
245,180077,硝基苯製造程序,245. 180077 硝基苯製造程序
246,180078,苯乙烯製造程序,246. 180078 苯乙烯製造程序
247,180079,對二乙苯化學製造程序,247. 180079 對二乙苯化學製造程序
248,180080,乙苯製造程序,248. 180080 乙苯製造程序
249,180081,烷基苯製造程序,249. 180081 烷基苯製造程序
250,180082,異丙苯製造程序,250. 180082 異丙苯製造程序
251,180083,甲乙基比啶製造程序,251. 180083 甲乙基比啶製造程序
252,180084,比啶製造程序,252. 180084 比啶製造程序
253,180085,睛化學製造程序,253. 180085 睛化學製造程序
254,180099,其他芳香烴製造程序,254. 180099 其他芳香烴製造程序
255,180101,環己烷化學製造程序,255. 180101 環己烷化學製造程序
256,180102,對苯二甲酸製造程序,256. 180102 對苯二甲酸製造程序
257,180109,其他環烴製造程序,257. 180109 其他環烴製造程序
258,180111,氯化膽鹼素製造程序,258. 180111 氯化膽鹼素製造程序
259,180112,氯乙烯製造程序,259. 180112 氯乙烯製造程序
260,180113,四氯化碳製造程序,260. 180113 四氯化碳製造程序
261,180114,氯化甲烷製造程序,261. 180114 氯化甲烷製造程序
262,180115,二氯乙烷製造程序,262. 180115 二氯乙烷製造程序
263,180116,二氯乙烯化學製造程序,263. 180116 二氯乙烯化學製造程序
264,180117,氯乙烷製造程序,264. 180117 氯乙烷製造程序
265,180118,氯甲烷製造程序,265. 180118 氯甲烷製造程序
266,180119,"1,1,1-三氯乙烷製造程序","266. 180119 1,1,1-三氯乙烷製造程序"
267,180120,三氯乙烷及過氯乙稀製造程序,267. 180120 三氯乙烷及過氯乙稀製造程序
268,180121,氯乙烯單體製造程序,268. 180121 氯乙烯單體製造程序
269,180122,以氯化汞觸媒之乙炔製程製造氯乙烯單體製造程序,269. 180122 以氯化汞觸媒之乙炔製程製造氯乙烯單體製造程序
270,180123,以乙烯溴化製造二溴乙烷製造程序,270. 180123 以乙烯溴化製造二溴乙烷製造程序
271,180124,3-氯丙烯化學製造程序,271. 180124 3-氯丙烯化學製造程序
272,180125,氯化乙烷化學製造程序,272. 180125 氯化乙烷化學製造程序
273,180126,全氯乙烯化學製造程序,273. 180126 全氯乙烯化學製造程序
274,180129,其他烴衍生物製造程序,274. 180129 其他烴衍生物製造程序
275,180131,甲基第三丁基醚化學製造程序,275. 180131 甲基第三丁基醚化學製造程序
276,180132,乙二醇醚化學製造程序,276. 180132 乙二醇醚化學製造程序
277,180139,其他醚化學製造程序,277. 180139 其他醚化學製造程序
278,180141,環氧乙烷製造程序,278. 180141 環氧乙烷製造程序
279,180142,環氧氯丙烷製造程序,279. 180142 環氧氯丙烷製造程序
280,180143,"1,2-環氧丙烷化學製造程序","280. 180143 1,2-環氧丙烷化學製造程序"
281,180144,丙烯睛化學製造程序,281. 180144 丙烯睛化學製造程序
282,180149,其他環氧化物製造程序,282. 180149 其他環氧化物製造程序
283,180151,丁醛化學製造程序,283. 180151 丁醛化學製造程序
284,180152,甲醛製造程序,284. 180152 甲醛製造程序
285,180153,乙醛製造程序,285. 180153 乙醛製造程序
286,180154,以乙烯製造乙醛製造程序,286. 180154 以乙烯製造乙醛製造程序
287,180155,丙烯醛化學製造程序,287. 180155 丙烯醛化學製造程序
288,180159,其他醛類化學製造程序,288. 180159 其他醛類化學製造程序
289,180161,以異丙苯製造酚及丙酮製造程序,289. 180161 以異丙苯製造酚及丙酮製造程序
290,180162,丙酮製造程序,290. 180162 丙酮製造程序
291,180163,環己酮製造程序,291. 180163 環己酮製造程序
292,180164,甲基異丁酮化學製造程序,292. 180164 甲基異丁酮化學製造程序
293,180169,其他酮類化學製造程序,293. 180169 其他酮類化學製造程序
294,180171,"1,4-丁二醇化學製造程序","294. 180171 1,4-丁二醇化學製造程序"
295,180172,第二丁醇化學製造程序,295. 180172 第二丁醇化學製造程序
296,180173,正丁醇化學製造程序,296. 180173 正丁醇化學製造程序
297,180174,丙烯醇[3]化學製造程序,297. 180174 丙烯醇[3]化學製造程序
298,180175,甲醇製造程序,298. 180175 甲醇製造程序
299,180176,乙二醇製造程序,299. 180176 乙二醇製造程序
300,180177,異丙醇製造程序,300. 180177 異丙醇製造程序
301,180178,甘油製造程序,301. 180178 甘油製造程序
302,180179,酒精製造程序,302. 180179 酒精製造程序
303,180189,其他醇類化學製造程序,303. 180189 其他醇類化學製造程序
304,180191,"2,4,6-三溴酚製造程序","304. 180191 2,4,6-三溴酚製造程序"
305,180192,酚類化學製造程序,305. 180192 酚類化學製造程序
306,180193,偶酚化學製造程序,306. 180193 偶酚化學製造程序
307,180199,其他酚及化合物製造程序,307. 180199 其他酚及化合物製造程序
308,180201,硼酸製造程序,308. 180201 硼酸製造程序
309,180202,草酸製造程序,309. 180202 草酸製造程序
310,180203,己二酸化學製造程序,310. 180203 己二酸化學製造程序
311,180204,乙酸化學製造程序,311. 180204 乙酸化學製造程序
312,180209,其他有機酸化學製造程序,312. 180209 其他有機酸化學製造程序
313,180211,甲基丙烯酸酯類化學製造程序,313. 180211 甲基丙烯酸酯類化學製造程序
314,180212,夫酸酯類化學製造程序,314. 180212 夫酸酯類化學製造程序
315,180213,苯二甲酸酯化學製造程序,315. 180213 苯二甲酸酯化學製造程序
316,180214,乙酸乙酯製造程序,316. 180214 乙酸乙酯製造程序
317,180215,丙烯酸及其酯類製造程序,317. 180215 丙烯酸及其酯類製造程序
318,180216,對苯二甲酸二甲酯製造程序,318. 180216 對苯二甲酸二甲酯製造程序
319,180217,丙烯酸酯製造程序,319. 180217 丙烯酸酯製造程序
320,180218,氨基甲酸酯製造程序,320. 180218 氨基甲酸酯製造程序
321,180219,鄰苯二甲酸二辛酯化學製造程序,321. 180219 鄰苯二甲酸二辛酯化學製造程序
322,180229,其他酯類化學製造程序,322. 180229 其他酯類化學製造程序
323,180231,以鄰二甲苯製造鄰苯二甲酐製造程序,323. 180231 以鄰二甲苯製造鄰苯二甲酐製造程序
324,180232,鄰苯二甲酐製造程序,324. 180232 鄰苯二甲酐製造程序
325,180233,馬來酸酐製造程序,325. 180233 馬來酸酐製造程序
326,180239,其他酸酐類製造程序,326. 180239 其他酸酐類製造程序
327,180241,苯胺製造程序,327. 180241 苯胺製造程序
328,180242,丙烯睛製造程序,328. 180242 丙烯睛製造程序
329,180243,己內醯胺製造程序,329. 180243 己內醯胺製造程序
330,180244,乙醇胺化學製造程序,330. 180244 乙醇胺化學製造程序
331,180245,"以碳酸聯胺生產1,1-二甲基聯胺(UDMH)製造程序","331. 180245 以碳酸聯胺生產1,1-二甲基聯胺(UDMH)製造程序"
332,180246,用氫化二甲基甲苯生產二胺甲苯製造程序,332. 180246 用氫化二甲基甲苯生產二胺甲苯製造程序
333,180247,聯二硫氨基甲酸及其鹽類製造程序,333. 180247 聯二硫氨基甲酸及其鹽類製造程序
334,180248,尿素化學製造程序,334. 180248 尿素化學製造程序
335,180249,其他合成胺及睛合物製造程序,335. 180249 其他合成胺及睛合物製造程序
336,180250,酸胺化學製造程序,336. 180250 酸胺化學製造程序
337,180251,乙二胺四醋酸鹽(EDTA)化學製造程序,337. 180251 乙二胺四醋酸鹽(EDTA)化學製造程序
338,180252,醋酸酐化學製造程序,338. 180252 醋酸酐化學製造程序
339,180253,醋酸乙烯製造程序,339. 180253 醋酸乙烯製造程序
340,180259,其他合成醋酸製造程序,340. 180259 其他合成醋酸製造程序
341,180261,印刷油墨化學原料製造程序,341. 180261 印刷油墨化學原料製造程序
342,180262,塑膠原料化學製造程序,342. 180262 塑膠原料化學製造程序
343,180263,木炭化學製造程序,343. 180263 木炭化學製造程序
344,180269,其他石油化工原料製造程序,344. 180269 其他石油化工原料製造程序
345,180271,氮肥製造程序,345. 180271 氮肥製造程序
346,180272,正過磷酸鹽肥料製造程序,346. 180272 正過磷酸鹽肥料製造程序
347,180273,三過磷酸鹽肥料製造程序,347. 180273 三過磷酸鹽肥料製造程序
348,180274,磷酸銨鹽肥料製造程序,348. 180274 磷酸銨鹽肥料製造程序
349,180279,其他磷肥製造程序,349. 180279 其他磷肥製造程序
350,180281,鉀肥製造程序,350. 180281 鉀肥製造程序
351,180282,銨肥化學製造程序,351. 180282 銨肥化學製造程序
352,180289,其他複合肥料,352. 180289 其他複合肥料
353,180291,有機肥料製造程序,353. 180291 有機肥料製造程序
354,180292,醇醛類化學製造程序,354. 180292 醇醛類化學製造程序
355,180299,其他肥料製造程序,355. 180299 其他肥料製造程序
356,180301,普通級聚苯乙烯化學製造程序,356. 180301 普通級聚苯乙烯化學製造程序
357,180302,耐衝擊級聚苯乙烯化學製造程序,357. 180302 耐衝擊級聚苯乙烯化學製造程序
358,180303,發泡級聚苯乙烯化學製造程序,358. 180303 發泡級聚苯乙烯化學製造程序
359,180304,低密度聚乙烯化學製造程序,359. 180304 低密度聚乙烯化學製造程序
360,180305,線型低密度聚乙烯化學製造程序,360. 180305 線型低密度聚乙烯化學製造程序
361,180306,高密度聚乙烯化學製造程序,361. 180306 高密度聚乙烯化學製造程序
362,180307,丙烯睛-丁二烯-苯乙烯共聚合物(ABS)化學製造程序,362. 180307 丙烯睛-丁二烯-苯乙烯共聚合物(ABS)化學製造程序
363,180308,丙烯睛-苯乙烯共聚合物(AS)化學製造程序,363. 180308 丙烯睛-苯乙烯共聚合物(AS)化學製造程序
364,180309,乙烯-丙烯共聚合物化學製造程序,364. 180309 乙烯-丙烯共聚合物化學製造程序
365,180310,丙烯酸樹脂化學製造程序,365. 180310 丙烯酸樹脂化學製造程序
366,180311,聚氟碳樹脂化學製造程序,366. 180311 聚氟碳樹脂化學製造程序
367,180312,酸醇樹脂化學製造程序,367. 180312 酸醇樹脂化學製造程序
368,180313,聚脂樹脂化學製造程序,368. 180313 聚脂樹脂化學製造程序
369,180314,聚尿(PU)樹脂化學製造程序,369. 180314 聚尿(PU)樹脂化學製造程序
370,180315,尿素甲醛樹脂製造程序,370. 180315 尿素甲醛樹脂製造程序
371,180316,三聚氰胺樹脂製造程序,371. 180316 三聚氰胺樹脂製造程序
372,180317,環氧樹脂製造程序,372. 180317 環氧樹脂製造程序
373,180318,聚丙烯（PP）塑膠製造程序,373. 180318 聚丙烯（PP）塑膠製造程序
374,180319,聚醯胺塑膠（尼龍）製造程序,374. 180319 聚醯胺塑膠（尼龍）製造程序
375,180320,聚氯乙烯（PVC）塑膠製造程序,375. 180320 聚氯乙烯（PVC）塑膠製造程序
376,180321,聚乙烯塑膠製造程序,376. 180321 聚乙烯塑膠製造程序
377,180322,聚苯乙烯塑膠製造程序,377. 180322 聚苯乙烯塑膠製造程序
378,180323,聚醋酸乙烯塑膠製造程序,378. 180323 聚醋酸乙烯塑膠製造程序
379,180324,聚酯樹脂製造程序,379. 180324 聚酯樹脂製造程序
380,180325,醇酸樹脂製造程序,380. 180325 醇酸樹脂製造程序
381,180326,酚醛樹脂製造程序,381. 180326 酚醛樹脂製造程序
382,180327,不飽和聚酯樹脂製造程序,382. 180327 不飽和聚酯樹脂製造程序
383,180328,合成乳膠製造程序,383. 180328 合成乳膠製造程序
384,180329,壓克力樹脂製造程序,384. 180329 壓克力樹脂製造程序
385,180330,甲基丙烯酸甲酯-丁二烯-苯乙烯共聚合物(MBS)化學製,385. 180330 甲基丙烯酸甲酯-丁二烯-苯乙烯共聚合物(MBS)化學製
386,180339,其他合成樹脂或塑膠製造程序,386. 180339 其他合成樹脂或塑膠製造程序
387,180341,熱可塑性橡膠製造程序,387. 180341 熱可塑性橡膠製造程序
388,180349,其他合成橡膠製造程序,388. 180349 其他合成橡膠製造程序
389,180351,聚酯纖維製造程序,389. 180351 聚酯纖維製造程序
390,180352,尼龍纖維製造程序,390. 180352 尼龍纖維製造程序
391,180353,硝酸纖維化學製造程序,391. 180353 硝酸纖維化學製造程序
392,180354,再生纖維製造程序,392. 180354 再生纖維製造程序
393,180355,碳纖維製品製造程序,393. 180355 碳纖維製品製造程序
394,180356,合成有機纖維化學製造程序,394. 180356 合成有機纖維化學製造程序
395,180357,乙酐化學製造程序,395. 180357 乙酐化學製造程序
396,180359,其他人造纖維製造程序,396. 180359 其他人造纖維製造程序
397,180999,其他化學材料製造業製造程序,397. 180999 其他化學材料製造業製造程序
398,190001,農藥原體製造程序,398. 190001 農藥原體製造程序
399,190002,農藥摻配程序,399. 190002 農藥摻配程序
400,190003,以砷或有機砷製造農藥製造程序,400. 190003 以砷或有機砷製造農藥製造程序
401,190004,以砷或有機砷化合物生產藥品製造程序,401. 190004 以砷或有機砷化合物生產藥品製造程序
402,190005,木榴油製造程序,402. 190005 木榴油製造程序
403,190006,二硫松製造程序,403. 190006 二硫松製造程序
404,190007,福瑞松製造程序,404. 190007 福瑞松製造程序
405,190008,"2,4-D製造程序","405. 190008 2,4-D製造程序"
406,190009,氯丹製造程序,406. 190009 氯丹製造程序
407,190010,毒殺芬製造程序,407. 190010 毒殺芬製造程序
408,190011,"2,4,5-T製造程序","408. 190011 2,4,5-T製造程序"
409,190012,乙烯氨基甲酸酯鹽及其鹽類製造程序,409. 190012 乙烯氨基甲酸酯鹽及其鹽類製造程序
410,190013,溴化甲烷製造程序,410. 190013 溴化甲烷製造程序
411,190014,殺蟲劑製造程序,411. 190014 殺蟲劑製造程序
412,190015,除草劑製造程序,412. 190015 除草劑製造程序
413,190016,殺菌劑製造程序,413. 190016 殺菌劑製造程序
414,190019,其他農藥及環境衛生用藥製造程序,414. 190019 其他農藥及環境衛生用藥製造程序
415,190021,鉻黃及鉻橙顏料製造程序,415. 190021 鉻黃及鉻橙顏料製造程序
416,190022,鉬橙顏料製造程序,416. 190022 鉬橙顏料製造程序
417,190023,鋅黃顏料製造程序,417. 190023 鋅黃顏料製造程序
418,190024,鉻綠顏料製造程序,418. 190024 鉻綠顏料製造程序
419,190025,氧化鉻綠顏料製造程序,419. 190025 氧化鉻綠顏料製造程序
420,190026,鐵藍顏料製造程序,420. 190026 鐵藍顏料製造程序
421,190027,二氧化鈦顏料化學製造程序,421. 190027 二氧化鈦顏料化學製造程序
422,190028,使用含鉻和鉛之色素、乾燥劑、肥皂或安定劑製造墨水製造程序,422. 190028 使用含鉻和鉛之色素、乾燥劑、肥皂或安定劑製造墨水製造程序
423,190029,其他顏料製造程序,423. 190029 其他顏料製造程序
424,190031,塗料製造程序,424. 190031 塗料製造程序
425,190032,油漆化學製造程序,425. 190032 油漆化學製造程序
426,190033,染料製造程序,426. 190033 染料製造程序
427,190034,有機染料／顏料化學製造程序,427. 190034 有機染料／顏料化學製造程序
428,190041,洗衣粉化學製造程序,428. 190041 洗衣粉化學製造程序
429,190042,界面活性劑化學製造程序,429. 190042 界面活性劑化學製造程序
430,190043,界面活性劑加工程序,430. 190043 界面活性劑加工程序
431,190044,清潔劑(洗劑)製造程序,431. 190044 清潔劑(洗劑)製造程序
432,190045,光學用清潔劑製造程序,432. 190045 光學用清潔劑製造程序
433,190046,牙粉製造程序,433. 190046 牙粉製造程序
434,190047,牙膏製造程序,434. 190047 牙膏製造程序
435,190048,皂膏製造程序,435. 190048 皂膏製造程序
436,190049,其他清潔用品製造程序,436. 190049 其他清潔用品製造程序
437,190051,面霜製造程序,437. 190051 面霜製造程序
438,190052,唇膏製造程序,438. 190052 唇膏製造程序
439,190053,洗髮劑製造程序,439. 190053 洗髮劑製造程序
440,190059,化粧品製造程序,440. 190059 化粧品製造程序
441,190061,接著劑化學製造程序,441. 190061 接著劑化學製造程序
442,190062,抗(臭)氧化／促進劑化學製造程序,442. 190062 抗(臭)氧化／促進劑化學製造程序
443,190063,活性碳製造程序,443. 190063 活性碳製造程序
444,190064,火藥製造程序,444. 190064 火藥製造程序
445,190065,炸藥製造程序,445. 190065 炸藥製造程序
446,190066,鉛基引爆劑製造程序,446. 190066 鉛基引爆劑製造程序
447,190067,有機試藥製造程序,447. 190067 有機試藥製造程序
448,190068,橡膠生膠混煉程序,448. 190068 橡膠生膠混煉程序
449,190069,塗料用稀釋劑製造程序,449. 190069 塗料用稀釋劑製造程序
450,190070,油墨製造程序,450. 190070 油墨製造程序
451,190071,油墨稀釋劑製造程序,451. 190071 油墨稀釋劑製造程序
452,190072,接合劑製造程序,452. 190072 接合劑製造程序
453,190073,工業用膠製造程序,453. 190073 工業用膠製造程序
454,190074,水處理劑製造程序,454. 190074 水處理劑製造程序
455,190075,電鍍劑製造程序,455. 190075 電鍍劑製造程序
456,190076,紡織漿料製造程序,456. 190076 紡織漿料製造程序
457,190077,金屬表面處理劑製造程序,457. 190077 金屬表面處理劑製造程序
458,190999,其他化學製品製造程序,458. 190999 其他化學製品製造程序
459,200001,原料藥製造程序,459. 200001 原料藥製造程序
460,200011,西藥錠劑製造程序,460. 200011 西藥錠劑製造程序
461,200012,西藥注射劑製造程序,461. 200012 西藥注射劑製造程序
462,200013,西藥膠囊劑製造程序,462. 200013 西藥膠囊劑製造程序
463,200014,西藥眼用藥膏（藥水）製造程序外用液劑製造程序,463. 200014 西藥眼用藥膏（藥水）製造程序外用液劑製造程序
464,200015,西藥顆（細）粒劑製造程序,464. 200015 西藥顆（細）粒劑製造程序
465,200016,西藥內服液劑製造程序,465. 200016 西藥內服液劑製造程序
466,200017,西藥粉（散）劑製造程序,466. 200017 西藥粉（散）劑製造程序
467,200018,西藥粉性注射劑製造程序,467. 200018 西藥粉性注射劑製造程序
468,200019,西藥軟（乳）膏劑製造程序,468. 200019 西藥軟（乳）膏劑製造程序
469,200020,西藥貼劑製造程序,469. 200020 西藥貼劑製造程序
470,200029,其他西藥製造程序,470. 200029 其他西藥製造程序
471,200031,疫苗製造程序,471. 200031 疫苗製造程序
472,200039,其他生物藥品製造程序,472. 200039 其他生物藥品製造程序
473,200041,中藥丸劑製造程序,473. 200041 中藥丸劑製造程序
474,200042,中藥油膏劑製造程序,474. 200042 中藥油膏劑製造程序
475,200043,中藥碎片劑製造程序,475. 200043 中藥碎片劑製造程序
476,200044,中藥內服液劑製造程序,476. 200044 中藥內服液劑製造程序
477,200045,中藥酒劑製造程序,477. 200045 中藥酒劑製造程序
478,200046,中藥顆（細）粒劑製造程序,478. 200046 中藥顆（細）粒劑製造程序
479,200047,中藥錠劑製造程序,479. 200047 中藥錠劑製造程序
480,200048,中藥濃縮劑製造程序,480. 200048 中藥濃縮劑製造程序
481,200049,中藥膠囊劑製造程序,481. 200049 中藥膠囊劑製造程序
482,200050,中藥外用液劑製造程序,482. 200050 中藥外用液劑製造程序
483,200051,中藥粉（散）劑製造程序,483. 200051 中藥粉（散）劑製造程序
484,200059,其他中藥製造程序,484. 200059 其他中藥製造程序
485,200061,酵素檢驗試劑製造程序,485. 200061 酵素檢驗試劑製造程序
486,200062,體外檢驗試劑製造程序,486. 200062 體外檢驗試劑製造程序
487,200063,動物用藥製造程序,487. 200063 動物用藥製造程序
488,200064,以苯胺化合蒸餾製造動物用藥製造程序,488. 200064 以苯胺化合蒸餾製造動物用藥製造程序
489,200999,其他藥品製造程序,489. 200999 其他藥品製造程序
490,210001,輪胎製造程序,490. 210001 輪胎製造程序
491,210002,再生胎製造程序,491. 210002 再生胎製造程序
492,210003,工業用橡膠製品製造程序,492. 210003 工業用橡膠製品製造程序
493,210999,其他橡膠製品製造程序,493. 210999 其他橡膠製品製造程序
494,220001,射出成型程序,494. 220001 射出成型程序
495,220002,ＰＵ皮製造程序,495. 220002 ＰＵ皮製造程序
496,220003,塑膠皮、板、管材製造程序,496. 220003 塑膠皮、板、管材製造程序
497,220004,塑膠膜袋製造程序,497. 220004 塑膠膜袋製造程序
498,220005,膠帶業製造,498. 220005 膠帶業製造
499,220006,塑膠品機具操作(切、割、鑽)程序,499. 220006 塑膠品機具操作(切、割、鑽)程序
500,220007,押出成型程序,500. 220007 押出成型程序
501,220008,塑膠日用品製造程序,501. 220008 塑膠日用品製造程序
502,220009,工業用塑膠製品製造程序,502. 220009 工業用塑膠製品製造程序
503,220010,塑膠品塗裝程序,503. 220010 塑膠品塗裝程序
504,220011,ＰＶＣ皮製造程序,504. 220011 ＰＶＣ皮製造程序
505,220099,其他塑膠製品製造程序,505. 220099 其他塑膠製品製造程序
506,230001,彎曲玻璃製造程序,506. 230001 彎曲玻璃製造程序
507,230002,鏡板玻璃製造程序,507. 230002 鏡板玻璃製造程序
508,230003,強化安全玻璃製造程序,508. 230003 強化安全玻璃製造程序
509,230004,浮式平板玻璃製造程序,509. 230004 浮式平板玻璃製造程序
510,230005,透明平板玻璃製造程序,510. 230005 透明平板玻璃製造程序
511,230006,烤漆印刷玻璃製造程序,511. 230006 烤漆印刷玻璃製造程序
512,230007,雙層玻璃製造程序,512. 230007 雙層玻璃製造程序
513,230008,反射玻璃製造程序,513. 230008 反射玻璃製造程序
514,230009,膠合安全玻璃製造程序,514. 230009 膠合安全玻璃製造程序
515,230010,壓花平板玻璃製造程序,515. 230010 壓花平板玻璃製造程序
516,230011,有色平板玻璃製造程序,516. 230011 有色平板玻璃製造程序
517,230019,其他平板玻璃及其製品製造程序,517. 230019 其他平板玻璃及其製品製造程序
518,230021,玻璃容器製造程序,518. 230021 玻璃容器製造程序
519,230022,玻璃熟料製品製造程序,519. 230022 玻璃熟料製品製造程序
520,230023,玻璃纖維製造程序,520. 230023 玻璃纖維製造程序
521,230024,玻璃-玻璃製品製造程序,521. 230024 玻璃-玻璃製品製造程序
522,230025,玻璃製品加工製造程序,522. 230025 玻璃製品加工製造程序
523,230029,其他玻璃及其製品製造程序,523. 230029 其他玻璃及其製品製造程序
524,230031,輕質耐火物製造程序,524. 230031 輕質耐火物製造程序
525,230032,不定型耐火材料製造程序,525. 230032 不定型耐火材料製造程序
526,230033,重質不燒成磚製造程序,526. 230033 重質不燒成磚製造程序
527,230034,耐火磚製造程序,527. 230034 耐火磚製造程序
528,230037,重質碳鍵磚製造程序,528. 230037 重質碳鍵磚製造程序
529,230038,重質熔鑄磚製造程序,529. 230038 重質熔鑄磚製造程序
530,230039,其他耐火材料製造程序,530. 230039 其他耐火材料製造程序
531,230041,磚瓦（紅磚）製品製造程序,531. 230041 磚瓦（紅磚）製品製造程序
532,230042,陶土／黏土加工處理程序,532. 230042 陶土／黏土加工處理程序
533,230043,黏土／飛灰燒結程序,533. 230043 黏土／飛灰燒結程序
534,230044,黏土建築材料製造程序,534. 230044 黏土建築材料製造程序
535,230045,磁磚製造程序,535. 230045 磁磚製造程序
536,230046,陶瓷衛浴設備製造程序,536. 230046 陶瓷衛浴設備製造程序
537,230047,陶瓷製品濕式成型製造程序,537. 230047 陶瓷製品濕式成型製造程序
538,230048,陶瓷製品乾式成型製造程序,538. 230048 陶瓷製品乾式成型製造程序
539,230049,陶瓷藝品燒製程序,539. 230049 陶瓷藝品燒製程序
540,230050,工業用陶瓷製品製造程序,540. 230050 工業用陶瓷製品製造程序
541,230051,陶瓷絕緣體製造程序,541. 230051 陶瓷絕緣體製造程序
542,230059,其他陶瓷製品製造程序,542. 230059 其他陶瓷製品製造程序
543,230061,水泥製造程序,543. 230061 水泥製造程序
544,230071,預拌混凝土製造程序,544. 230071 預拌混凝土製造程序
545,230072,混凝土拌合程序,545. 230072 混凝土拌合程序
546,230073,水泥製品製造程序,546. 230073 水泥製品製造程序
547,230081,石材建築材料製造程序,547. 230081 石材建築材料製造程序
548,230082,大理石製品製造程序,548. 230082 大理石製品製造程序
549,230089,其他石材製品製造程序,549. 230089 其他石材製品製造程序
550,230091,工業及研磨材料製造程序,550. 230091 工業及研磨材料製造程序
551,230092,生石灰燒製程序,551. 230092 生石灰燒製程序
552,230093,熟石灰製造程序,552. 230093 熟石灰製造程序
553,230099,其他石灰製造程序,553. 230099 其他石灰製造程序
554,230101,石膏製品製造程序,554. 230101 石膏製品製造程序
555,230102,瀝青屋頂覆蓋物製品製造程序,555. 230102 瀝青屋頂覆蓋物製品製造程序
556,230103,石棉製品製造程序,556. 230103 石棉製品製造程序
557,230104,矽砂製造程序（玻璃使用）,557. 230104 矽砂製造程序（玻璃使用）
558,230105,樹脂砂製造程序（高級鑄模用）,558. 230105 樹脂砂製造程序（高級鑄模用）
559,230106,輕質建築材料（如珍珠岩等）製品製造程序,559. 230106 輕質建築材料（如珍珠岩等）製品製造程序
560,230107,岩棉製品製造程序,560. 230107 岩棉製品製造程序
561,230108,保溫材料製品製造程序,561. 230108 保溫材料製品製造程序
562,230109,砂心製造程序,562. 230109 砂心製造程序
563,230110,石棉墊圈製造程序,563. 230110 石棉墊圈製造程序
564,230111,大理石粉製造程序,564. 230111 大理石粉製造程序
565,230112,礦物棉製品製造程序,565. 230112 礦物棉製品製造程序
566,230113,鹼水製造程序,566. 230113 鹼水製造程序
567,230999,其他非金屬礦物製品製造程序,567. 230999 其他非金屬礦物製品製造程序
568,240001,鐵初級熔煉／燒結程序,568. 240001 鐵初級熔煉／燒結程序
569,240002,鐵初級熔煉／熔礦程序,569. 240002 鐵初級熔煉／熔礦程序
570,240003,焦碳製造／副產品程序,570. 240003 焦碳製造／副產品程序
571,240004,焦碳製造／蜂巢程序,571. 240004 焦碳製造／蜂巢程序
572,240005,鐵合金／開放式爐初級熔煉程序,572. 240005 鐵合金／開放式爐初級熔煉程序
573,240006,鐵合金／半覆蓋爐初級熔煉程序,573. 240006 鐵合金／半覆蓋爐初級熔煉程序
574,240007,煉鋼程序,574. 240007 煉鋼程序
575,240008,電弧爐煉鋼製造程序,575. 240008 電弧爐煉鋼製造程序
576,240009,初生銅製造程序,576. 240009 初生銅製造程序
577,240010,初生鋁製造程序,577. 240010 初生鋁製造程序
578,240011,鐵鉻合金製造程序,578. 240011 鐵鉻合金製造程序
579,240012,鉛熔製程序,579. 240012 鉛熔製程序
580,240019,其他金屬初級熔煉程序,580. 240019 其他金屬初級熔煉程序
581,240021,鋼鐵冶煉製造程序,581. 240021 鋼鐵冶煉製造程序
582,240022,煉鋁製造程序,582. 240022 煉鋁製造程序
583,240023,煉銅製造程序,583. 240023 煉銅製造程序
584,240024,鋅金屬初級熔煉程序,584. 240024 鋅金屬初級熔煉程序
585,240025,金礦初級熔煉程序,585. 240025 金礦初級熔煉程序
586,240026,鎳初級熔煉程序,586. 240026 鎳初級熔煉程序
587,240027,鍛鐵二級處理程序,587. 240027 鍛鐵二級處理程序
588,240028,鋅二級冶煉程序,588. 240028 鋅二級冶煉程序
589,240029,鋁二級冶煉程序,589. 240029 鋁二級冶煉程序
590,240030,銅二級冶煉程序,590. 240030 銅二級冶煉程序
591,240031,鎂二級熔煉程序,591. 240031 鎂二級熔煉程序
592,240032,鉛、鎳、汞、鎘、銅二次熔煉製造程序,592. 240032 鉛、鎳、汞、鎘、銅二次熔煉製造程序
593,240033,鉛二次熔煉滲出液製造程序,593. 240033 鉛二次熔煉滲出液製造程序
594,240039,其他金屬二級熔煉製造程序,594. 240039 其他金屬二級熔煉製造程序
595,240041,灰鐵鑄造程序,595. 240041 灰鐵鑄造程序
596,240042,鋼鑄造程序,596. 240042 鋼鑄造程序
597,240043,鋁鑄造製造程序,597. 240043 鋁鑄造製造程序
598,240044,銅鑄造製造程序,598. 240044 銅鑄造製造程序
599,240045,鋅製品鑄造程序,599. 240045 鋅製品鑄造程序
600,240046,鎂合金射出成型件製造程序,600. 240046 鎂合金射出成型件製造程序
601,240047,鎂合金壓鑄件製造程序,601. 240047 鎂合金壓鑄件製造程序
602,240048,鋅壓鑄件製造程序,602. 240048 鋅壓鑄件製造程序
603,240049,鋅合金壓鑄件製造程序,603. 240049 鋅合金壓鑄件製造程序
604,240050,鑄管鑄造製造程序,604. 240050 鑄管鑄造製造程序
605,240051,鑄鋼件鑄造製造程序,605. 240051 鑄鋼件鑄造製造程序
606,240059,其他基本金屬鑄造製造程序,606. 240059 其他基本金屬鑄造製造程序
607,240061,鋼鐵伸線製造程序,607. 240061 鋼鐵伸線製造程序
608,240062,鋼鐵軋延及擠型製造程序,608. 240062 鋼鐵軋延及擠型製造程序
609,240063,鋁材軋延、擠型、伸線製造程序,609. 240063 鋁材軋延、擠型、伸線製造程序
610,240064,銅材軋延、擠型、伸線製造程序,610. 240064 銅材軋延、擠型、伸線製造程序
611,240065,銲條製造程序,611. 240065 銲條製造程序
612,240066,鋅錠製造程序,612. 240066 鋅錠製造程序
613,240067,錫熔製製造程序,613. 240067 錫熔製製造程序
614,240068,銀熔製製造程序,614. 240068 銀熔製製造程序
615,240069,金屬銲料製造程序,615. 240069 金屬銲料製造程序
616,240070,鋁擠型程序,616. 240070 鋁擠型程序
617,240071,鉛金屬初級熔煉程序,617. 240071 鉛金屬初級熔煉程序
618,240072,鈦礦初級熔煉程序,618. 240072 鈦礦初級熔煉程序
619,240073,鉛二級冶煉程序,619. 240073 鉛二級冶煉程序
620,240074,鎳二級熔煉程序,620. 240074 鎳二級熔煉程序
621,240075,金屬軋造程序,621. 240075 金屬軋造程序
622,240076,鋁／電解還原初級熔煉程序,622. 240076 鋁／電解還原初級熔煉程序
623,240077,銅金屬初級熔煉程序,623. 240077 銅金屬初級熔煉程序
624,240999,其他基本金屬製造程序,624. 240999 其他基本金屬製造程序
625,250001,金屬手工具製造程序,625. 250001 金屬手工具製造程序
626,250002,金屬模具製造程序,626. 250002 金屬模具製造程序
627,250003,金屬結構製造程序,627. 250003 金屬結構製造程序
628,250004,金屬建築組件製造程序,628. 250004 金屬建築組件製造程序
629,250005,鍋爐、金屬貯槽及壓力容器製造程序,629. 250005 鍋爐、金屬貯槽及壓力容器製造程序
630,250009,其他金屬容器製造程序,630. 250009 其他金屬容器製造程序
631,250011,金屬鍛造加工製造程序程序,631. 250011 金屬鍛造加工製造程序程序
632,250012,非鐵金屬鍛造製造程序,632. 250012 非鐵金屬鍛造製造程序
633,250013,粉末冶金程序,633. 250013 粉末冶金程序
634,250014,使用氰化物之金屬熱處理製造程序,634. 250014 使用氰化物之金屬熱處理製造程序
635,250015,金屬熱處理槽鹽浴罐清洗之製造程序,635. 250015 金屬熱處理槽鹽浴罐清洗之製造程序
636,250016,使用熱處理法處理有害事業廢棄物製造程序,636. 250016 使用熱處理法處理有害事業廢棄物製造程序
637,250017,物理蒸鍍處理程序,637. 250017 物理蒸鍍處理程序
638,250019,其他金屬熱處理程序,638. 250019 其他金屬熱處理程序
639,250021,金屬噴磨（噴砂）處理程序,639. 250021 金屬噴磨（噴砂）處理程序
640,250022,金屬表面清洗程序,640. 250022 金屬表面清洗程序
641,250023,金屬噴漆處理程序,641. 250023 金屬噴漆處理程序
642,250024,鋁之化學轉化塗布製造程序,642. 250024 鋁之化學轉化塗布製造程序
643,250025,使用氰化物之電鍍製造程序,643. 250025 使用氰化物之電鍍製造程序
644,250026,電鍍製造程序,644. 250026 電鍍製造程序
645,250027,真空電鍍處理程序,645. 250027 真空電鍍處理程序
646,250028,金屬沈積程序,646. 250028 金屬沈積程序
647,250029,金屬管線塗裝程序,647. 250029 金屬管線塗裝程序
648,250030,罐頭表面塗裝程序,648. 250030 罐頭表面塗裝程序
649,250031,金屬表面研磨程序,649. 250031 金屬表面研磨程序
650,250032,磁鐵絲表面塗裝程序,650. 250032 磁鐵絲表面塗裝程序
651,250033,熱浸鋅程序,651. 250033 熱浸鋅程序
652,250034,金屬電著塗裝處理程序,652. 250034 金屬電著塗裝處理程序
653,250035,金屬表面處理酸洗程序,653. 250035 金屬表面處理酸洗程序
654,250039,其他金屬表面處理程序,654. 250039 其他金屬表面處理程序
655,250041,鋼鐵工業鋼材加工或浸置之製造程序,655. 250041 鋼鐵工業鋼材加工或浸置之製造程序
656,250042,金屬化學浸蝕加工程序,656. 250042 金屬化學浸蝕加工程序
657,250043,金屬機具操作（焊、切、割、鑽）程序,657. 250043 金屬機具操作（焊、切、割、鑽）程序
658,250044,金屬鏤刻,658. 250044 金屬鏤刻
659,250049,其他金屬加工處理程序,659. 250049 其他金屬加工處理程序
660,250051,螺絲、螺帽及鉚釘製造,660. 250051 螺絲、螺帽及鉚釘製造
661,250052,金屬彈簧製造程序,661. 250052 金屬彈簧製造程序
662,250053,金屬線製品製造程序,662. 250053 金屬線製品製造程序
663,250054,焊接鋼管製造程序,663. 250054 焊接鋼管製造程序
664,250055,噴燈製造程序,664. 250055 噴燈製造程序
665,250056,鉛蓄電池製造之極板製造程序,665. 250056 鉛蓄電池製造之極板製造程序
666,250057,熔爐電極製造程序,666. 250057 熔爐電極製造程序
667,250058,金屬電鍍處理程序,667. 250058 金屬電鍍處理程序
668,250059,金屬表面塗裝程序,668. 250059 金屬表面塗裝程序
669,250899,其他金屬品處理加工程序,669. 250899 其他金屬品處理加工程序
670,250999,其他金屬製品製造程序,670. 250999 其他金屬製品製造程序
671,260001,積體電路製造程序,671. 260001 積體電路製造程序
672,260003,記憶體製造程序,672. 260003 記憶體製造程序
673,260004,二極體製造程序,673. 260004 二極體製造程序
674,260005,發光二極體製造程序,674. 260005 發光二極體製造程序
675,260006,電晶體製造程序,675. 260006 電晶體製造程序
676,260009,其他分離式元件製造程序,676. 260009 其他分離式元件製造程序
677,260011,晶片製造程序,677. 260011 晶片製造程序
678,260012,晶圓製造程序,678. 260012 晶圓製造程序
679,260013,晶圓包裝程序,679. 260013 晶圓包裝程序
680,260014,積體電路（IC）測試封裝製造程序,680. 260014 積體電路（IC）測試封裝製造程序
681,260019,其他半導體封裝及測試程序,681. 260019 其他半導體封裝及測試程序
682,260021,電容器製造程序,682. 260021 電容器製造程序
683,260022,電阻製造程序,683. 260022 電阻製造程序
684,260023,電感器製造程序,684. 260023 電感器製造程序
685,260029,其他被動電子元件製造程序,685. 260029 其他被動電子元件製造程序
686,260031,液晶面板及其組件製造程序,686. 260031 液晶面板及其組件製造程序
687,260032,太陽能電池製造程序,687. 260032 太陽能電池製造程序
688,260033,電漿面板製造程序,688. 260033 電漿面板製造程序
689,260039,其他光電材料及元件製造程序,689. 260039 其他光電材料及元件製造程序
690,260041,印刷電路板製造程序,690. 260041 印刷電路板製造程序
691,260042,印刷電路板組件製造程序,691. 260042 印刷電路板組件製造程序
692,260043,電子管製造程序,692. 260043 電子管製造程序
693,260044,映像管製造程序,693. 260044 映像管製造程序
694,260045,石英振盪器製造程序,694. 260045 石英振盪器製造程序
695,260046,通訊微波元件製造程序,695. 260046 通訊微波元件製造程序
696,260047,電腦零組件製造業製造程序,696. 260047 電腦零組件製造業製造程序
697,260999,其他電子零組件製造程序,697. 260999 其他電子零組件製造程序
698,270001,液晶顯示器製造程序,698. 270001 液晶顯示器製造程序
699,270009,其他顯示器製造程序,699. 270009 其他顯示器製造程序
700,270011,電腦製造程序,700. 270011 電腦製造程序
701,270012,終端機製造程序,701. 270012 終端機製造程序
702,270013,讀卡機製造程序,702. 270013 讀卡機製造程序
703,270014,數位板製造程序,703. 270014 數位板製造程序
704,270015,影像掃描器製造程序,704. 270015 影像掃描器製造程序
705,270016,集線器製造程序,705. 270016 集線器製造程序
706,270017,網路連接器製造程序,706. 270017 網路連接器製造程序
707,270019,其他電腦週邊設備製造程序,707. 270019 其他電腦週邊設備製造程序
708,270021,電話及手機製造程序,708. 270021 電話及手機製造程序
709,270022,數據機製造程序,709. 270022 數據機製造程序
710,270023,其他有線通信機械器材製造業製造程序,710. 270023 其他有線通信機械器材製造業製造程序
711,270024,天線製造程序,711. 270024 天線製造程序
712,270025,遙控設備製造程序,712. 270025 遙控設備製造程序
713,270026,無線電話設備製造程序,713. 270026 無線電話設備製造程序
714,270027,無線電接收機製造程序,714. 270027 無線電接收機製造程序
715,270028,其他無線通信機械器材製造業製造程序,715. 270028 其他無線通信機械器材製造業製造程序
716,270029,其他通訊傳播設備製造程序,716. 270029 其他通訊傳播設備製造程序
717,270031,電視機製造程序,717. 270031 電視機製造程序
718,270032,揚聲器製造程序,718. 270032 揚聲器製造程序
719,270033,麥克風製造程序,719. 270033 麥克風製造程序
720,270034,擴大器製造程序,720. 270034 擴大器製造程序
721,270035,電子警報器製造程序,721. 270035 電子警報器製造程序
722,270036,數位投影機製造程序,722. 270036 數位投影機製造程序
723,270039,其他視聽電子產品製造程序,723. 270039 其他視聽電子產品製造程序
724,270041,光碟片製造程序,724. 270041 光碟片製造程序
725,270042,錄音/影帶製造程序,725. 270042 錄音/影帶製造程序
726,270043,磁帶表面塗裝程序,726. 270043 磁帶表面塗裝程序
727,270049,其他資料儲存媒體製造程序,727. 270049 其他資料儲存媒體製造程序
728,270051,量測、導航及控制設備製造程序,728. 270051 量測、導航及控制設備製造程序
729,270052,鐘錶製造程序,729. 270052 鐘錶製造程序
730,270053,輻射及電子醫學設備製造程序,730. 270053 輻射及電子醫學設備製造程序
731,270054,照相、拷貝機器製造程序,731. 270054 照相、拷貝機器製造程序
732,270059,其他光學儀器及設備製造程序,732. 270059 其他光學儀器及設備製造程序
733,280001,配電盤製造程序,733. 280001 配電盤製造程序
734,280002,汽車配電系統製造程序,734. 280002 汽車配電系統製造程序
735,280003,電動機製造程序,735. 280003 電動機製造程序
736,280004,配電設備製造程序,736. 280004 配電設備製造程序
737,280005,變壓器製造程序,737. 280005 變壓器製造程序
738,280006,電力變壓器製造程序,738. 280006 電力變壓器製造程序
739,280009,其他發電、輸電、配電機械製造程序,739. 280009 其他發電、輸電、配電機械製造程序
740,280011,鉛蓄電池製造之組立程序,740. 280011 鉛蓄電池製造之組立程序
741,280012,蓄電池製造程序,741. 280012 蓄電池製造程序
742,280019,其他電池製造程序,742. 280019 其他電池製造程序
743,280021,線圈表面塗裝程序,743. 280021 線圈表面塗裝程序
744,280022,光纖光纜製造程序,744. 280022 光纖光纜製造程序
745,280023,通信電纜製造程序,745. 280023 通信電纜製造程序
746,280024,連接線製造程序,746. 280024 連接線製造程序
747,280025,塑膠花線製造程序,747. 280025 塑膠花線製造程序
748,280026,塑膠電線電纜製造程序,748. 280026 塑膠電線電纜製造程序
749,280027,電力電纜製造程序,749. 280027 電力電纜製造程序
750,280028,電子線製造程序,750. 280028 電子線製造程序
751,280029,電源線製造程序,751. 280029 電源線製造程序
752,280030,漆包線製造程序,752. 280030 漆包線製造程序
753,280031,裸銅線製造程序,753. 280031 裸銅線製造程序
754,280032,鍍錫銅線製造程序,754. 280032 鍍錫銅線製造程序
755,280039,其他電線及電纜（含光纖電纜）製造程序,755. 280039 其他電線及電纜（含光纖電纜）製造程序
756,280041,配線器材製造程序,756. 280041 配線器材製造程序
757,280042,電燈泡及燈管製造程序,757. 280042 電燈泡及燈管製造程序
758,280043,照明器具製造程序,758. 280043 照明器具製造程序
759,280044,家用空調器具製造程序,759. 280044 家用空調器具製造程序
760,280045,家用電冰箱製造程序,760. 280045 家用電冰箱製造程序
761,280046,家用洗衣設備製造程序,761. 280046 家用洗衣設備製造程序
762,280047,家用電扇製造程序,762. 280047 家用電扇製造程序
763,280048,大型電器表面塗裝程序,763. 280048 大型電器表面塗裝程序
764,280049,其他家用電器製造程序,764. 280049 其他家用電器製造程序
765,280999,其他電力設備製造程序,765. 280999 其他電力設備製造程序
766,290001,冶金機械製造程序,766. 290001 冶金機械製造程序
767,290002,金屬切削工具機製造程序,767. 290002 金屬切削工具機製造程序
768,290009,其他金屬加工用機械設備製造程序,768. 290009 其他金屬加工用機械設備製造程序
769,290011,農用及林用機械設備製造程序,769. 290011 農用及林用機械設備製造程序
770,290012,採礦及營造用機械設備製造程序,770. 290012 採礦及營造用機械設備製造程序
771,290013,食品、飲料及菸草製作用機械設備製造程序,771. 290013 食品、飲料及菸草製作用機械設備製造程序
772,290014,紡織、成衣及皮革生產用機械設備製造程序,772. 290014 紡織、成衣及皮革生產用機械設備製造程序
773,290015,木工機械設備製造程序,773. 290015 木工機械設備製造程序
774,290016,化工機械設備製造程序,774. 290016 化工機械設備製造程序
775,290017,橡膠及塑膠加工用機械設備製造程序,775. 290017 橡膠及塑膠加工用機械設備製造程序
776,290018,電子及半導體生產用機械設備製造程序,776. 290018 電子及半導體生產用機械設備製造程序
777,290019,其他專用機械設備製造程序,777. 290019 其他專用機械設備製造程序
778,290021,原動機製造程序,778. 290021 原動機製造程序
779,290022,流體傳動設備製造程序,779. 290022 流體傳動設備製造程序
780,290023,泵、壓縮機、活栓及活閥製造程序,780. 290023 泵、壓縮機、活栓及活閥製造程序
781,290024,機械傳動設備製造程序,781. 290024 機械傳動設備製造程序
782,290025,輸送機械設備製造程序,782. 290025 輸送機械設備製造程序
783,290026,事務機械設備製造程序,783. 290026 事務機械設備製造程序
784,290027,污染防治設備製造程序,784. 290027 污染防治設備製造程序
785,290028,動力手工具製造程序,785. 290028 動力手工具製造程序
786,290029,其他通用機械設備製造程序,786. 290029 其他通用機械設備製造程序
787,300001,汽車製造程序,787. 300001 汽車製造程序
788,300002,汽車／輕型貨車表面塗裝程序,788. 300002 汽車／輕型貨車表面塗裝程序
789,300003,車體製造程序,789. 300003 車體製造程序
790,300004,汽車零件製造程序,790. 300004 汽車零件製造程序
791,310001,船舶製造程序,791. 310001 船舶製造程序
792,310002,船舶零件製造程序,792. 310002 船舶零件製造程序
793,310003,船體塗裝程序,793. 310003 船體塗裝程序
794,310004,機車製造程序,794. 310004 機車製造程序
795,310005,機車表面塗裝程序,795. 310005 機車表面塗裝程序
796,310006,機車零件製造程序,796. 310006 機車零件製造程序
797,310007,自行車製造程序,797. 310007 自行車製造程序
798,310008,自行車表面塗裝程序,798. 310008 自行車表面塗裝程序
799,310009,自行車零件製造程序,799. 310009 自行車零件製造程序
800,310010,航空器塗裝程序,800. 310010 航空器塗裝程序
801,310099,其他運輸工具及零件製造程序,801. 310099 其他運輸工具及零件製造程序
802,320001,木製家具製造程序,802. 320001 木製家具製造程序
803,320009,其他非金屬家具製造程序,803. 320009 其他非金屬家具製造程序
804,320011,金屬家具製造程序,804. 320011 金屬家具製造程序
805,320012,金屬傢俱表面塗裝程序,805. 320012 金屬傢俱表面塗裝程序
806,320013,木製傢俱表面塗裝程序,806. 320013 木製傢俱表面塗裝程序
807,330001,體育用品製造程序,807. 330001 體育用品製造程序
808,330002,玩具製造程序,808. 330002 玩具製造程序
809,330003,不鏽鋼鼓表面塗裝程序,809. 330003 不鏽鋼鼓表面塗裝程序
810,330009,其他樂器製造程序,810. 330009 其他樂器製造程序
811,330011,文具製造程序,811. 330011 文具製造程序
812,330012,眼鏡製造程序,812. 330012 眼鏡製造程序
813,330013,醫療器材及用品製造程序,813. 330013 醫療器材及用品製造程序
814,330014,珠寶及金工製品製造程序,814. 330014 珠寶及金工製品製造程序
815,330015,拉鍊及鈕扣製造程序,815. 330015 拉鍊及鈕扣製造程序
816,330016,原子炭製造程序,816. 330016 原子炭製造程序
817,330999,其他未分類製品製造程序,817. 330999 其他未分類製品製造程序
818,340001,產業用機械設備維修及安裝服務作業程序,818. 340001 產業用機械設備維修及安裝服務作業程序
819,350001,鍋爐發電程序,819. 350001 鍋爐發電程序
820,350002,渦輪發電程序,820. 350002 渦輪發電程序
821,350003,引擎發電程序,821. 350003 引擎發電程序
822,350009,其他發電作業程序,822. 350009 其他發電作業程序
823,350011,輸電、配電工程作業程序,823. 350011 輸電、配電工程作業程序
824,350012,氣體燃料供應作業程序,824. 350012 氣體燃料供應作業程序
825,350013,液化氣體燃料分裝作業程序,825. 350013 液化氣體燃料分裝作業程序
826,350014,蒸汽供應作業程序,826. 350014 蒸汽供應作業程序
827,350015,冷暖氣供應作業程序,827. 350015 冷暖氣供應作業程序
828,350016,熱水（含溫泉）供應作業程序,828. 350016 熱水（含溫泉）供應作業程序
829,350017,冰水供應作業程序,829. 350017 冰水供應作業程序
830,360001,淨水處理程序,830. 360001 淨水處理程序
831,360002,海水淡化處裡程序,831. 360002 海水淡化處裡程序
832,370001,廢水處理程序,832. 370001 廢水處理程序
833,370002,污水處理程序,833. 370002 污水處理程序
834,370003,廢水（液）焚化處理程序,834. 370003 廢水（液）焚化處理程序
835,370004,水肥處理程序,835. 370004 水肥處理程序
836,370009,其他廢水處理程序,836. 370009 其他廢水處理程序
837,370011,廢水（液）清除作業程序,837. 370011 廢水（液）清除作業程序
838,370012,污水清除作業程序,838. 370012 污水清除作業程序
839,370013,水肥(化糞池)清除作業程序,839. 370013 水肥(化糞池)清除作業程序
840,370014,流動廁所清潔服務作業程序,840. 370014 流動廁所清潔服務作業程序
841,380001,廢棄物熱處理（焚化處理除外）程序,841. 380001 廢棄物熱處理（焚化處理除外）程序
842,380002,廢棄物焚化處理程序,842. 380002 廢棄物焚化處理程序
843,380003,廢棄物滅菌處理程序,843. 380003 廢棄物滅菌處理程序
844,380004,廢棄物物理處理程序,844. 380004 廢棄物物理處理程序
845,380005,廢棄物化學處理程序,845. 380005 廢棄物化學處理程序
846,380006,廢棄物堆肥處理程序,846. 380006 廢棄物堆肥處理程序
847,380007,廢棄物固化處理程序,847. 380007 廢棄物固化處理程序
848,380008,廢棄物穩定化處理程序,848. 380008 廢棄物穩定化處理程序
849,380009,廢棄物掩埋處理程序,849. 380009 廢棄物掩埋處理程序
850,380010,資源回收物處理程序,850. 380010 資源回收物處理程序
851,380021,含汞廢料回收之製造程序,851. 380021 含汞廢料回收之製造程序
852,380022,廢電線電纜粉碎分選回收製造程序,852. 380022 廢電線電纜粉碎分選回收製造程序
853,380029,其他廢料回收製造程序,853. 380029 其他廢料回收製造程序
854,380031,衍生燃料製造程序,854. 380031 衍生燃料製造程序
855,380041,廢棄物清除作業程序,855. 380041 廢棄物清除作業程序
856,380042,資源回收物清除作業程序,856. 380042 資源回收物清除作業程序
857,390001,污染土地整治服務作業程序,857. 390001 污染土地整治服務作業程序
858,390002,污染水面消毒及清理服務作業程序,858. 390002 污染水面消毒及清理服務作業程序
859,390003,污染地下水整治服務作業程序,859. 390003 污染地下水整治服務作業程序
860,390004,油溢清理服務作業程序,860. 390004 油溢清理服務作業程序
861,390005,清洗含顏料、乾燥劑、鉻鉛安定劑塗料等配方所用容器之製造程序,861. 390005 清洗含顏料、乾燥劑、鉻鉛安定劑塗料等配方所用容器之製造程序
862,410001,建築工程(建物)作業程序,862. 410001 建築工程(建物)作業程序
863,420002,道路工程(鐵路、公路、隧道、橋樑)作業程序,863. 420002 道路工程(鐵路、公路、隧道、橋樑)作業程序
864,420003,公用事業設施工程作業程序,864. 420003 公用事業設施工程作業程序
865,420099,其他土木工程作業程序,865. 420099 其他土木工程作業程序
866,430005,整地、基礎及結構工程作業程序,866. 430005 整地、基礎及結構工程作業程序
867,430006,庭園景觀工程作業程序,867. 430006 庭園景觀工程作業程序
868,430007,機電、電信及電路設備安裝作業程序,868. 430007 機電、電信及電路設備安裝作業程序
869,430008,冷凍、空調及管道工程作業程序,869. 430008 冷凍、空調及管道工程作業程序
870,430009,建築設備安裝作業程序,870. 430009 建築設備安裝作業程序
871,430010,最後修整工程作業程序,871. 430010 最後修整工程作業程序
872,430011,裝璜修繕作業程序,872. 430011 裝璜修繕作業程序
873,430999,其他專門營造作業程序,873. 430999 其他專門營造作業程序
874,450001,綜合商品批發作業程序,874. 450001 綜合商品批發作業程序
875,450002,穀類及豆類批發作業程序,875. 450002 穀類及豆類批發作業程序
876,450003,花卉批發作業程序,876. 450003 花卉批發作業程序
877,450004,活動物批發作業程序,877. 450004 活動物批發作業程序
878,450009,其他農產原料批發作業程序,878. 450009 其他農產原料批發作業程序
879,450011,蔬果批發作業程序,879. 450011 蔬果批發作業程序
880,450012,肉品批發作業程序,880. 450012 肉品批發作業程序
881,450013,水產品批發作業程序,881. 450013 水產品批發作業程序
882,450014,冷凍調理食品批發作業程序,882. 450014 冷凍調理食品批發作業程序
883,450015,乳製品、蛋及食用油脂批發作業程序,883. 450015 乳製品、蛋及食用油脂批發作業程序
884,450016,菸酒批發作業程序,884. 450016 菸酒批發作業程序
885,450017,非酒精飲料批發作業程序,885. 450017 非酒精飲料批發作業程序
886,450018,咖啡、茶葉及香料批發作業程序,886. 450018 咖啡、茶葉及香料批發作業程序
887,450019,其他食品批發作業程序,887. 450019 其他食品批發作業程序
888,450021,布疋批發作業程序,888. 450021 布疋批發作業程序
889,450022,服裝及其配件批發作業程序,889. 450022 服裝及其配件批發作業程序
890,450023,鞋類批發作業程序,890. 450023 鞋類批發作業程序
891,450029,其他服飾品批發作業程序,891. 450029 其他服飾品批發作業程序
892,450031,家庭電器批發作業程序,892. 450031 家庭電器批發作業程序
893,450032,家具批發作業程序,893. 450032 家具批發作業程序
894,450033,家飾品批發作業程序,894. 450033 家飾品批發作業程序
895,450034,家用攝影器材及光學產品批發作業程序,895. 450034 家用攝影器材及光學產品批發作業程序
896,450035,鐘錶及眼鏡批發作業程序,896. 450035 鐘錶及眼鏡批發作業程序
897,450036,珠寶及貴金屬製品批發作業程序,897. 450036 珠寶及貴金屬製品批發作業程序
898,450037,清潔用品批發作業程序,898. 450037 清潔用品批發作業程序
899,450039,其他家庭器具及用品批發作業程序,899. 450039 其他家庭器具及用品批發作業程序
900,450041,藥品及醫療用品批發作業程序,900. 450041 藥品及醫療用品批發作業程序
901,450042,化粧品批發作業程序,901. 450042 化粧品批發作業程序
902,450043,書籍、文具批發作業程序,902. 450043 書籍、文具批發作業程序
903,450044,運動用品、器材批發作業程序,903. 450044 運動用品、器材批發作業程序
904,450045,玩具、娛樂用品批發作業程序,904. 450045 玩具、娛樂用品批發作業程序
905,450046,木製建材批發作業程序,905. 450046 木製建材批發作業程序
906,450047,磚瓦、砂石、水泥及其製品批發作業程序,906. 450047 磚瓦、砂石、水泥及其製品批發作業程序
907,450048,磁磚、貼面石材、衛浴設備批發作業程序,907. 450048 磁磚、貼面石材、衛浴設備批發作業程序
908,450049,漆料、塗料批發作業程序,908. 450049 漆料、塗料批發作業程序
909,450051,金屬建材批發作業程序,909. 450051 金屬建材批發作業程序
910,450059,其他建材批發作業程序,910. 450059 其他建材批發作業程序
911,450061,化學原料批發作業程序,911. 450061 化學原料批發作業程序
912,450062,化學製品批發作業程序,912. 450062 化學製品批發作業程序
913,450071,石油製品燃料批發作業程序,913. 450071 石油製品燃料批發作業程序
914,450079,其他燃料批發作業程序,914. 450079 其他燃料批發作業程序
915,450081,電腦及其週邊設備、軟體批發作業程序,915. 450081 電腦及其週邊設備、軟體批發作業程序
916,450082,電子設備及其零組件批發作業程序,916. 450082 電子設備及其零組件批發作業程序
917,450091,農用及工業用機械設備批發作業程序,917. 450091 農用及工業用機械設備批發作業程序
918,450092,辦公用機械器具批發作業程序,918. 450092 辦公用機械器具批發作業程序
919,450099,其他機械器具批發作業程序,919. 450099 其他機械器具批發作業程序
920,450101,汽車批發作業程序,920. 450101 汽車批發作業程序
921,450102,機車批發作業程序,921. 450102 機車批發作業程序
922,450103,汽機車零配件、用品批發作業程序,922. 450103 汽機車零配件、用品批發作業程序
923,450104,回收物料批發作業程序,923. 450104 回收物料批發作業程序
924,450999,未分類其他專賣批發作業程序,924. 450999 未分類其他專賣批發作業程序
925,470001,食品飲料為主之綜合商品零售作業程序,925. 470001 食品飲料為主之綜合商品零售作業程序
926,470009,其他綜合商品零售作業程序,926. 470009 其他綜合商品零售作業程序
927,470011,蔬果零售作業程序,927. 470011 蔬果零售作業程序
928,470012,肉品零售作業程序,928. 470012 肉品零售作業程序
929,470013,水產品零售作業程序,929. 470013 水產品零售作業程序
930,470019,其他食品及飲料、菸草製品零售作業程序,930. 470019 其他食品及飲料、菸草製品零售作業程序
931,470021,布疋零售作業程序,931. 470021 布疋零售作業程序
932,470022,服裝及其配件零售作業程序,932. 470022 服裝及其配件零售作業程序
933,470023,鞋類零售作業程序,933. 470023 鞋類零售作業程序
934,470029,其他服飾品零售作業程序,934. 470029 其他服飾品零售作業程序
935,470031,家庭電器零售作業程序,935. 470031 家庭電器零售作業程序
936,470032,家具零售作業程序,936. 470032 家具零售作業程序
937,470033,家飾品零售作業程序,937. 470033 家飾品零售作業程序
938,470034,鐘錶及眼鏡零售作業程序,938. 470034 鐘錶及眼鏡零售作業程序
939,470035,珠寶及貴金屬製品零售作業程序,939. 470035 珠寶及貴金屬製品零售作業程序
940,470039,其他家庭器具及用品零售作業程序,940. 470039 其他家庭器具及用品零售作業程序
941,470041,藥品及醫療用品零售作業程序,941. 470041 藥品及醫療用品零售作業程序
942,470042,化粧品零售作業程序,942. 470042 化粧品零售作業程序
943,470043,書籍、文具零售作業程序,943. 470043 書籍、文具零售作業程序
944,470044,運動用品、器材零售作業程序,944. 470044 運動用品、器材零售作業程序
945,470045,玩具、娛樂用品零售作業程序,945. 470045 玩具、娛樂用品零售作業程序
946,470046,音樂帶及影片零售作業程序,946. 470046 音樂帶及影片零售作業程序
947,470047,建材零售作業程序,947. 470047 建材零售作業程序
948,470051,加油站作業程序,948. 470051 加油站作業程序
949,470059,其他燃料零售作業程序,949. 470059 其他燃料零售作業程序
950,470061,電腦及其週邊設備、軟體零售作業程序,950. 470061 電腦及其週邊設備、軟體零售作業程序
951,470062,通訊設備零售作業程序,951. 470062 通訊設備零售作業程序
952,470063,視聽設備零售作業程序,952. 470063 視聽設備零售作業程序
953,470064,汽車零售作業程序,953. 470064 汽車零售作業程序
954,470065,機車零售作業程序,954. 470065 機車零售作業程序
955,470066,汽機車零配件、用品零售作業程序,955. 470066 汽機車零配件、用品零售作業程序
956,470067,花卉零售作業程序,956. 470067 花卉零售作業程序
957,470069,其他全新商品零售作業程序,957. 470069 其他全新商品零售作業程序
958,470071,中古商品零售作業程序,958. 470071 中古商品零售作業程序
959,470072,固定或流動攤販零售作業程序,959. 470072 固定或流動攤販零售作業程序
960,470073,電子購物及郵購作業程序,960. 470073 電子購物及郵購作業程序
961,470074,直銷作業程序,961. 470074 直銷作業程序
962,470075,自動販賣作業程序,962. 470075 自動販賣作業程序
963,490001,陸上運輸服務作業程序,963. 490001 陸上運輸服務作業程序
964,500001,水上運輸服務作業程序,964. 500001 水上運輸服務作業程序
965,510001,航空運輸服務作業程序,965. 510001 航空運輸服務作業程序
966,520001,進出口報關服務作業程序,966. 520001 進出口報關服務作業程序
967,520002,船務代理服務作業程序,967. 520002 船務代理服務作業程序
968,520003,貨運承攬服務作業程序,968. 520003 貨運承攬服務作業程序
969,520004,停車場服務作業程序,969. 520004 停車場服務作業程序
970,520005,汽車拖吊服務作業程序,970. 520005 汽車拖吊服務作業程序
971,520006,貨物裝卸服務作業程序,971. 520006 貨物裝卸服務作業程序
972,520007,港埠管理作業程序,972. 520007 港埠管理作業程序
973,520008,水上運輸輔助服務作業程序,973. 520008 水上運輸輔助服務作業程序
974,520009,航空運輸輔助服務作業程序,974. 520009 航空運輸輔助服務作業程序
975,520999,其他運輸輔助服務作業程序,975. 520999 其他運輸輔助服務作業程序
976,530001,普通倉儲服務作業程序,976. 530001 普通倉儲服務作業程序
977,530002,冷凍冷藏倉儲服務作業程序,977. 530002 冷凍冷藏倉儲服務作業程序
978,550001,住宿服務作業程序,978. 550001 住宿服務作業程序
979,560001,餐飲服務作業程序,979. 560001 餐飲服務作業程序
980,610001,通信服務作業程序,980. 610001 通信服務作業程序
981,710001,環境檢驗測定服務作業程序,981. 710001 環境檢驗測定服務作業程序
982,760001,攝(錄)影服務作業程序,982. 760001 攝(錄)影服務作業程序
983,760002,底片、相片沖洗作業程序,983. 760002 底片、相片沖洗作業程序
984,770001,汽車租賃服務作業程序,984. 770001 汽車租賃服務作業程序
985,770002,船舶租賃服務作業程序,985. 770002 船舶租賃服務作業程序
986,770003,貨櫃租賃服務作業程序,986. 770003 貨櫃租賃服務作業程序
987,770009,其他運輸工具設備租賃服務作業程序,987. 770009 其他運輸工具設備租賃服務作業程序
988,850001,化學(農化)實驗作業程序,988. 850001 化學(農化)實驗作業程序
989,850002,生醫(病理)實驗作業程序,989. 850002 生醫(病理)實驗作業程序
990,850003,材料(光電)實驗作業程序,990. 850003 材料(光電)實驗作業程序
991,850004,加工(機電)實驗作業程序,991. 850004 加工(機電)實驗作業程序
992,860001,門診醫療作業程序,992. 860001 門診醫療作業程序
993,860002,病房收治醫療作業程序,993. 860002 病房收治醫療作業程序
994,860003,手術(開刀、生產)醫療作業程序,994. 860003 手術(開刀、生產)醫療作業程序
995,860004,美容整型醫療作業程序,995. 860004 美容整型醫療作業程序
996,860005,病理檢驗作業程序,996. 860005 病理檢驗作業程序
997,860006,洗腎醫療作業程序,997. 860006 洗腎醫療作業程序
998,860007,隔離病人診療作業程序,998. 860007 隔離病人診療作業程序
999,860008,放射性診療作業程序,999. 860008 放射性診療作業程序
1000,860009,癌症病人診療作業程序,1000. 860009 癌症病人診療作業程序
1001,860010,水銀血壓計回填及修繕作業程序,1001. 860010 水銀血壓計回填及修繕作業程序
1002,860011,醫院／消毒設備使用程序,1002. 860011 醫院／消毒設備使用程序
1003,860012,醫療輔助作業程序,1003. 860012 醫療輔助作業程序
1004,870001,養護及安養作業程序,1004. 870001 養護及安養作業程序
1005,870002,長期照護、養護醫療輔助作業程序,1005. 870002 長期照護、養護醫療輔助作業程序
1006,910001,自然生態保育作業程序,1006. 910001 自然生態保育作業程序
1007,930001,休閒娛樂服務作業程序,1007. 930001 休閒娛樂服務作業程序
1008,950001,汽車保養維修作業程序,1008. 950001 汽車保養維修作業程序
1009,950002,汽車美容作業程序,1009. 950002 汽車美容作業程序
1010,950003,電腦及其週邊設備修理作業程序,1010. 950003 電腦及其週邊設備修理作業程序
1011,950004,通訊傳播設備修理作業程序,1011. 950004 通訊傳播設備修理作業程序
1012,950005,視聽電子產品及家用電器修理作業程序,1012. 950005 視聽電子產品及家用電器修理作業程序
1013,950006,機車保養維修作業程序,1013. 950006 機車保養維修作業程序
1014,950999,其他個人及家庭用品維修作業程序,1014. 950999 其他個人及家庭用品維修作業程序
1015,960001,洗衣作業程序,1015. 960001 洗衣作業程序
1016,960002,織物乾洗作業程序,1016. 960002 織物乾洗作業程序
1017,960003,殯葬服務作業程序,1017. 960003 殯葬服務作業程序
1018,G00098,VOCs逸散程序,1018. G00098 VOCs逸散程序
1019,G00099,冷媒補充,1019. G00099 冷媒補充
1020,G11199,二氟一氯甲烷製造程序,1020. G11199 二氟一氯甲烷製造程序
1021,G20900,交通運輸活動,1021. G20900 交通運輸活動
1022,G20901,消防活動,1022. G20901 消防活動
1023,G20902,維修保養程序,1023. G20902 維修保養程序
