序號,設備代碼,設備名稱,
1,0000,粉煤「乾底鍋爐」,1. 0000 粉煤「乾底鍋爐」
2,0001,粉煤「濕底鍋爐」,2. 0001 粉煤「濕底鍋爐」
3,0002,旋風式鍋爐,3. 0002 旋風式鍋爐
4,0003,散佈式鍋爐,4. 0003 散佈式鍋爐
5,0004,移動床鍋爐,5. 0004 移動床鍋爐
6,0005,振動床鍋爐,6. 0005 振動床鍋爐
7,0006,氣泡流體床鍋爐　,7. 0006 氣泡流體床鍋爐　
8,0007,循環流體床鍋爐　　,8. 0007 循環流體床鍋爐　　
9,0010,燃油鍋爐　　　　　　,9. 0010 燃油鍋爐　　　　　　
10,0020,燃氣鍋爐　　　　　     　,10. 0020 燃氣鍋爐　　　　　     　
11,0099,其他鍋爐　　    　,11. 0099 其他鍋爐　　    　
12,0100,開放循環型氣渦輪機,12. 0100 開放循環型氣渦輪機
13,0101,封閉循環型氣渦輪機,13. 0101 封閉循環型氣渦輪機
14,0102,半封閉循環型氣渦輪機,14. 0102 半封閉循環型氣渦輪機
15,0103,結合型氣渦輪機,15. 0103 結合型氣渦輪機
16,0199,其他氣渦輪機,16. 0199 其他氣渦輪機
17,0200,汽油引擎  　　　,17. 0200 汽油引擎  　　　
18,0201,柴油引擎  　　　,18. 0201 柴油引擎  　　　
19,0298,發電機,19. 0298 發電機
20,0299,其他發電引擎,20. 0299 其他發電引擎
21,0300,機械式焚化爐,21. 0300 機械式焚化爐
22,0301,模具式焚化爐,22. 0301 模具式焚化爐
23,0302,旋轉窯式焚化爐   　,23. 0302 旋轉窯式焚化爐   　
24,0303,固定床式焚化爐,24. 0303 固定床式焚化爐
25,0304,多層床式焚化爐,25. 0304 多層床式焚化爐
26,0305,流體化床式焚化爐,26. 0305 流體化床式焚化爐
27,0306,液體噴注式焚化爐,27. 0306 液體噴注式焚化爐
28,0307,噴燒式焚化爐,28. 0307 噴燒式焚化爐
29,0308,熱解式焚化爐,29. 0308 熱解式焚化爐
30,0399,其他焚化爐,30. 0399 其他焚化爐
31,0999,其他公用製程設施,31. 0999 其他公用製程設施
32,1000,電弧爐,32. 1000 電弧爐
33,1001,誘導爐,33. 1001 誘導爐
34,1002,電阻爐,34. 1002 電阻爐
35,1009,其他電氣爐,35. 1009 其他電氣爐
36,1010,平爐型反射爐　　　　　　　,36. 1010 平爐型反射爐　　　　　　　
37,1011,圓柱型反射爐,37. 1011 圓柱型反射爐
38,1012,傾斜式反射爐,38. 1012 傾斜式反射爐
39,1013,旋轉傾斜式反射爐,39. 1013 旋轉傾斜式反射爐
40,1020,槽窯  　　　　　　　,40. 1020 槽窯  　　　　　　　
41,1030,坩堝窯　　　　　　　,41. 1030 坩堝窯　　　　　　　
42,1040,熔硫池,42. 1040 熔硫池
43,1050,坩堝爐　　　　　　　,43. 1050 坩堝爐　　　　　　　
44,1060,熔鐵爐,44. 1060 熔鐵爐
45,1090,高爐　  　　　　　　,45. 1090 高爐　  　　　　　　
46,1099,其他熔融設施,46. 1099 其他熔融設施
47,1100,噴霧乾燥塔　　　　　,47. 1100 噴霧乾燥塔　　　　　
48,1110,旋風式乾燥器　　　　,48. 1110 旋風式乾燥器　　　　
49,1120,旋轉式乾燥爐,49. 1120 旋轉式乾燥爐
50,1130,旋轉式篩選乾燥爐,50. 1130 旋轉式篩選乾燥爐
51,1140,隧道式乾燥窯,51. 1140 隧道式乾燥窯
52,1150,烤漆設施        　　,52. 1150 烤漆設施        　　
53,1160,乾洗用烘乾機,53. 1160 乾洗用烘乾機
54,1190,流體化床乾燥器　　　,54. 1190 流體化床乾燥器　　　
55,1191,紅外線乾燥器　　　　,55. 1191 紅外線乾燥器　　　　
56,1192,冷凍式乾燥器　　　　,56. 1192 冷凍式乾燥器　　　　
57,1193,帶式乾燥爐,57. 1193 帶式乾燥爐
58,1194,滾軸式乾燥爐,58. 1194 滾軸式乾燥爐
59,1195,立式乾燥爐,59. 1195 立式乾燥爐
60,1199,其他乾燥設施　　　　,60. 1199 其他乾燥設施　　　　
61,1200,熱處理用加熱爐　　,61. 1200 熱處理用加熱爐　　
62,1201,壓延用均熱爐　  　,62. 1201 壓延用均熱爐　  　
63,1202,鍛造用加熱爐,63. 1202 鍛造用加熱爐
64,1209,其他加熱爐,64. 1209 其他加熱爐
65,1210,旋轉式燒成爐,65. 1210 旋轉式燒成爐
66,1211,隧道式燒成爐,66. 1211 隧道式燒成爐
67,1212,滾軸式燒成爐,67. 1212 滾軸式燒成爐
68,1219,其他燒成爐,68. 1219 其他燒成爐
69,1220,旋轉式鍛燒爐,69. 1220 旋轉式鍛燒爐
70,1221,直立式鍛燒爐,70. 1221 直立式鍛燒爐
71,1222,雙胞式鍛燒爐,71. 1222 雙胞式鍛燒爐
72,1229,其他鍛燒爐,72. 1229 其他鍛燒爐
73,1230,熱室壓鑄機,73. 1230 熱室壓鑄機
74,1231,冷室壓鑄機,74. 1231 冷室壓鑄機
75,1239,其他加熱壓鑄設施,75. 1239 其他加熱壓鑄設施
76,1240,燒結爐,76. 1240 燒結爐
77,1250,焙燒爐　　　　　　,77. 1250 焙燒爐　　　　　　
78,1260,煉焦爐　　　　　　,78. 1260 煉焦爐　　　　　　
79,1290,蒸煮器,79. 1290 蒸煮器
80,1291,熱風爐,80. 1291 熱風爐
81,1292,靜置爐,81. 1292 靜置爐
82,1293,轉爐　　　　　　　　,82. 1293 轉爐　　　　　　　　
83,1294,真空脫氣設施,83. 1294 真空脫氣設施
84,1295,盛鋼桶精煉設施,84. 1295 盛鋼桶精煉設施
85,1296,加熱軋造成型機　　　,85. 1296 加熱軋造成型機　　　
86,1298,加熱破壞,86. 1298 加熱破壞
87,1299,其他加熱設施,87. 1299 其他加熱設施
88,2000,乾式研磨設施,88. 2000 乾式研磨設施
89,2001,濕式研磨設施,89. 2001 濕式研磨設施
90,2010,衝碎機  　　    　,90. 2010 衝碎機  　　    　
91,2020,碾碎機  　　    　,91. 2020 碾碎機  　　    　
92,2099,其他粉碎、研磨設施,92. 2099 其他粉碎、研磨設施
93,3000,網篩機　　　　　　,93. 3000 網篩機　　　　　　
94,3001,氣篩機　　　　　　,94. 3001 氣篩機　　　　　　
95,3010,旋轉分離器　　　　,95. 3010 旋轉分離器　　　　
96,3020,固體、液體分離設施,96. 3020 固體、液體分離設施
97,3030,砂回收處理機,97. 3030 砂回收處理機
98,3040,離心分離裝置　　　　　,98. 3040 離心分離裝置　　　　　
99,3099,其他分離、篩選設施,99. 3099 其他分離、篩選設施
100,3100,固體、固體混合設備 (乾式),100. 3100 固體、固體混合設備 (乾式)
101,3110,固體、液體混合設備 (濕式),101. 3110 固體、液體混合設備 (濕式)
102,3120,液體、液體混合設備,102. 3120 液體、液體混合設備
103,4000,空冷設施,103. 4000 空冷設施
104,4010,液體冷卻設施,104. 4010 液體冷卻設施
105,4090,移動式空氣清靜機,105. 4090 移動式空氣清靜機
106,4091,住宅及商業建築冷氣機,106. 4091 住宅及商業建築冷氣機
107,4092,冰水機,107. 4092 冰水機
108,4093,工業冷凍、冷藏裝備，包括食品加工及冷藏,108. 4093 工業冷凍、冷藏裝備，包括食品加工及冷藏
109,4094,交通用冷凍、冷藏裝備,109. 4094 交通用冷凍、冷藏裝備
110,4095,中、大型冷凍、冷藏裝備,110. 4095 中、大型冷凍、冷藏裝備
111,4096,獨立商用冷凍、冷藏裝備,111. 4096 獨立商用冷凍、冷藏裝備
112,4097,家用冷凍、冷藏裝備,112. 4097 家用冷凍、冷藏裝備
113,4098,質量平衡,113. 4098 質量平衡
114,4099,其他冷卻設施,114. 4099 其他冷卻設施
115,4100,旋轉式製粒機,115. 4100 旋轉式製粒機
116,4101,噴灑式製粒機,116. 4101 噴灑式製粒機
117,4110,射出成型機　　　　　,117. 4110 射出成型機　　　　　
118,4120,軋造成型機　　　　　,118. 4120 軋造成型機　　　　　
119,4130,壓鑄成型設備　　　　,119. 4130 壓鑄成型設備　　　　
120,4140,押出成型設備　　　　,120. 4140 押出成型設備　　　　
121,4150,乾壓成型設施,121. 4150 乾壓成型設施
122,4160,澆鑄成型設備　　　　,122. 4160 澆鑄成型設備　　　　
123,4170,熔融鑄造成型設備　　,123. 4170 熔融鑄造成型設備　　
124,4180,硫化機,124. 4180 硫化機
125,4190,熱定型機,125. 4190 熱定型機
126,4199,其他成型設備　　,126. 4199 其他成型設備　　
127,5000,紡絲機,127. 5000 紡絲機
128,5010,精紡機　　　      　　,128. 5010 精紡機　　　      　　
129,5020,粗紡機,129. 5020 粗紡機
130,5030,清花機　　　        　,130. 5030 清花機　　　        　
131,5040,梳棉機　　　        　,131. 5040 梳棉機　　　        　
132,5050,假撚機　　　        　,132. 5050 假撚機　　　        　
133,5060,併條機,133. 5060 併條機
134,5070,精梳機,134. 5070 精梳機
135,5080,絡筒機,135. 5080 絡筒機
136,5099,其他紡紗設施,136. 5099 其他紡紗設施
137,5100,上漿機,137. 5100 上漿機
138,5110,針織機,138. 5110 針織機
139,5120,梭織機,139. 5120 梭織機
140,5130,精練漂白機,140. 5130 精練漂白機
141,5140,染色機,141. 5140 染色機
142,5199,其他紡織設施,142. 5199 其他紡織設施
143,6000,鋸台　　　　　　　　,143. 6000 鋸台　　　　　　　　
144,6010,刨木機　　　　　　　,144. 6010 刨木機　　　　　　　
145,6020,剝離機　　　　　　　,145. 6020 剝離機　　　　　　　
146,6030,雕刻機　　　　　　　,146. 6030 雕刻機　　　　　　　
147,6099,其他切割設施　　　　,147. 6099 其他切割設施　　　　
148,7000,噴砂機　　　　　　　,148. 7000 噴砂機　　　　　　　
149,7010,砂輪機　　　　　　　,149. 7010 砂輪機　　　　　　　
150,7020,磨光機,150. 7020 磨光機
151,7030,砂磨機,151. 7030 砂磨機
152,7040,拋光機,152. 7040 拋光機
153,7050,砂光機,153. 7050 砂光機
154,7060,滾磨機,154. 7060 滾磨機
155,7070,珠擊機,155. 7070 珠擊機
156,7080,氣壓式鍛造機,156. 7080 氣壓式鍛造機
157,7081,機械動力式鍛造機,157. 7081 機械動力式鍛造機
158,7082,液壓式鍛造機,158. 7082 液壓式鍛造機
159,7099,其他機械處理設施,159. 7099 其他機械處理設施
160,7100,脫脂槽(區),160. 7100 脫脂槽(區)
161,7110,酸洗槽(區),161. 7110 酸洗槽(區)
162,7120,清洗槽(區),162. 7120 清洗槽(區)
163,7130,熱浸泡槽　　　　　,163. 7130 熱浸泡槽　　　　　
164,7140,冷浸泡槽　　　　　　,164. 7140 冷浸泡槽　　　　　　
165,7199,其他清洗、浸泡處理設施,165. 7199 其他清洗、浸泡處理設施
166,7200,固體噴灑室　　　　,166. 7200 固體噴灑室　　　　
167,7210,液體噴灑室　    　　,167. 7210 液體噴灑室　    　　
168,7900,印刷機　　　　　　　,168. 7900 印刷機　　　　　　　
169,7910,塗佈機　　　　　　　,169. 7910 塗佈機　　　　　　　
170,7920,熱壓設施,170. 7920 熱壓設施
171,7930,冷壓設施,171. 7930 冷壓設施
172,7940,燒毛機　　　　　　　,172. 7940 燒毛機　　　　　　　
173,7950,起毛機　　　　　　　,173. 7950 起毛機　　　　　　　
174,7960,噴槍          　　　,174. 7960 噴槍          　　　
175,7999,其他表面處理設施　　,175. 7999 其他表面處理設施　　
176,8000,槽型反應器,176. 8000 槽型反應器
177,8001,管型反應器,177. 8001 管型反應器
178,8002,塔型反應器,178. 8002 塔型反應器
179,8003,漿體反應器,179. 8003 漿體反應器
180,8004,流體化床反應器,180. 8004 流體化床反應器
181,8010,燃硫爐,181. 8010 燃硫爐
182,8099,其他反應設施,182. 8099 其他反應設施
183,8100,填充式吸收塔,183. 8100 填充式吸收塔
184,8101,板層式吸收塔,184. 8101 板層式吸收塔
185,8102,噴霧式吸收塔,185. 8102 噴霧式吸收塔
186,8103,濕壁式吸收塔,186. 8103 濕壁式吸收塔
187,8104,氣泡式吸收塔,187. 8104 氣泡式吸收塔
188,8199,其他吸收塔,188. 8199 其他吸收塔
189,8200,化成槽(區),189. 8200 化成槽(區)
190,8210,電解槽(區),190. 8210 電解槽(區)
191,8220,蝕刻槽(區),191. 8220 蝕刻槽(區)
192,8230,電鍍設施(區),192. 8230 電鍍設施(區)
193,8298,預焙陽極炭塊與煤碳電極,193. 8298 預焙陽極炭塊與煤碳電極
194,8299,其他電化學反應設施,194. 8299 其他電化學反應設施
195,8300,固定床式吸附設施,195. 8300 固定床式吸附設施
196,8301,流化床式吸附設施,196. 8301 流化床式吸附設施
197,8302,移動床式吸附設施,197. 8302 移動床式吸附設施
198,8303,攪拌式吸附設施,198. 8303 攪拌式吸附設施
199,8397,污泥厭氧消化槽,199. 8397 污泥厭氧消化槽
200,8398,上流式厭氧污泥槽,200. 8398 上流式厭氧污泥槽
201,8399,其他吸附設施,201. 8399 其他吸附設施
202,8400,固、液萃取設施　　　　　　,202. 8400 固、液萃取設施　　　　　　
203,8410,液、液萃取設施　　　　　　,203. 8410 液、液萃取設施　　　　　　
204,8420,瀝濾（固體萃取）設施　,204. 8420 瀝濾（固體萃取）設施　
205,8499,其他萃取設施,205. 8499 其他萃取設施
206,8500,脫附塔,206. 8500 脫附塔
207,8510,再生爐,207. 8510 再生爐
208,8599,其他脫附設施,208. 8599 其他脫附設施
209,8600,噴霧式洗滌器,209. 8600 噴霧式洗滌器
210,8610,填充床式洗滌器,210. 8610 填充床式洗滌器
211,8620,文式洗滌器,211. 8620 文式洗滌器
212,8630,旋風式洗滌器,212. 8630 旋風式洗滌器
213,8699,其他洗滌器,213. 8699 其他洗滌器
214,8800,冷凝設施,214. 8800 冷凝設施
215,8801,驟冷設施,215. 8801 驟冷設施
216,8810,濃縮設施　　　　　　　,216. 8810 濃縮設施　　　　　　　
217,8820,汽提設施　　　　,217. 8820 汽提設施　　　　
218,8830,離子交換　　　　　　　,218. 8830 離子交換　　　　　　　
219,8840,填充式蒸(精)餾裝置　,219. 8840 填充式蒸(精)餾裝置　
220,8841,板層式蒸(精)餾裝置　,220. 8841 板層式蒸(精)餾裝置　
221,8842,急驟式蒸(精)餾裝置　,221. 8842 急驟式蒸(精)餾裝置　
222,8850,溶解設施　　　　　　　,222. 8850 溶解設施　　　　　　　
223,8860,冷卻式結晶設施　　　　,223. 8860 冷卻式結晶設施　　　　
224,8861,蒸發式結晶設施　　　　,224. 8861 蒸發式結晶設施　　　　
225,8862,其他結晶設施　　　　　,225. 8862 其他結晶設施　　　　　
226,8870,單一蒸發器  　　　　　,226. 8870 單一蒸發器  　　　　　
227,8871,多重效蒸發設施　　　　,227. 8871 多重效蒸發設施　　　　
228,8872,多段急驟式蒸發設施　　,228. 8872 多段急驟式蒸發設施　　
229,8873,蒸氣壓縮式蒸發設施　　　,229. 8873 蒸氣壓縮式蒸發設施　　　
230,8880,過濾設施　　　　　　　,230. 8880 過濾設施　　　　　　　
231,8890,濾煙艙  　　　　　　　,231. 8890 濾煙艙  　　　　　　　
232,8900,漂白設施　　　　　　　,232. 8900 漂白設施　　　　　　　
233,8910,煉油工業硫磺回收系統 H2S,233. 8910 煉油工業硫磺回收系統 H2S
234,8911,己乙酸回收成硝酸設備,234. 8911 己乙酸回收成硝酸設備
235,8920,化學工業觸媒再生裝置　,235. 8920 化學工業觸媒再生裝置　
236,8930,再沸器,236. 8930 再沸器
237,8940,石油化學加熱爐　　,237. 8940 石油化學加熱爐　　
238,8950,裂解爐,238. 8950 裂解爐
239,8980,緩充設備(含蓄積器),239. 8980 緩充設備(含蓄積器)
240,8981,氣液分離器,240. 8981 氣液分離器
241,8982,液液分離器    　　,241. 8982 液液分離器    　　
242,8983,真空泵浦      　　,242. 8983 真空泵浦      　　
243,8984,蒸氣噴射器    　　,243. 8984 蒸氣噴射器    　　
244,8985,熱井,244. 8985 熱井
245,8992,觸媒破壞,245. 8992 觸媒破壞
246,8993,高壓工廠(> 7 bar)-選擇性催化破壞,246. 8993 高壓工廠(> 7 bar)-選擇性催化破壞
247,8994,高壓工廠(> 7 bar)-非選擇性催化破壞,247. 8994 高壓工廠(> 7 bar)-非選擇性催化破壞
248,8995,中壓工廠(< 6 bar)-選擇性催化破壞,248. 8995 中壓工廠(< 6 bar)-選擇性催化破壞
249,8996,中壓工廠(< 6 bar)-非選擇性催化破壞,249. 8996 中壓工廠(< 6 bar)-非選擇性催化破壞
250,8997,大氣壓工廠-選擇性催化破壞,250. 8997 大氣壓工廠-選擇性催化破壞
251,8998,大氣壓工廠-非選擇性催化破壞,251. 8998 大氣壓工廠-非選擇性催化破壞
252,8999,其他化學操作單元設施,252. 8999 其他化學操作單元設施
253,9000,點焊設施　　　　　,253. 9000 點焊設施　　　　　
254,9001,消毒室,254. 9001 消毒室
255,9002,組立設施,255. 9002 組立設施
256,9003,閥,256. 9003 閥
257,9004,幫浦,257. 9004 幫浦
258,9005,壓縮機,258. 9005 壓縮機
259,9006,乾洗機,259. 9006 乾洗機
260,9007,加油站,260. 9007 加油站
261,9008,粘砂設施,261. 9008 粘砂設施
262,9009,秤重設備      　　,262. 9009 秤重設備      　　
263,9010,貯料倉　　　　　　,263. 9010 貯料倉　　　　　　
264,9011,包裝機　　　　　　,264. 9011 包裝機　　　　　　
265,9012,鐵水前處理,265. 9012 鐵水前處理
266,9013,脫蠟機,266. 9013 脫蠟機
267,9014,貯料區,267. 9014 貯料區
268,9015,包裝區,268. 9015 包裝區
269,9016,木工作業區,269. 9016 木工作業區
270,9017,製鞋作業區,270. 9017 製鞋作業區
271,9020,表面清洗區,271. 9020 表面清洗區
272,9021,表面塗裝區,272. 9021 表面塗裝區
273,9022,離子植入機,273. 9022 離子植入機
274,9024,蝕刻機,274. 9024 蝕刻機
275,9027,化學蒸著沈積機,275. 9027 化學蒸著沈積機
276,9028,氧化爐管,276. 9028 氧化爐管
277,9029,沾錫設施,277. 9029 沾錫設施
278,9030,電子作業氧化區,278. 9030 電子作業氧化區
279,9031,電子作業擴散區,279. 9031 電子作業擴散區
280,9032,電子作業研磨區,280. 9032 電子作業研磨區
281,9033,電子作業黃光區,281. 9033 電子作業黃光區
282,9034,電子作業切割區,282. 9034 電子作業切割區
283,9035,電子作業離子植入區,283. 9035 電子作業離子植入區
284,9036,電子作業沾錫區,284. 9036 電子作業沾錫區
285,9037,紡織作業區,285. 9037 紡織作業區
286,9038,研磨區,286. 9038 研磨區
287,9039,成型作業區,287. 9039 成型作業區
288,9040,乾蝕刻區,288. 9040 乾蝕刻區
289,9041,濕蝕刻區,289. 9041 濕蝕刻區
290,9042,化學蒸鍍區,290. 9042 化學蒸鍍區
291,9043,電鍍作業區,291. 9043 電鍍作業區
292,9794,酚製造之進料設備,292. 9794 酚製造之進料設備
293,9795,化糞池,293. 9795 化糞池
294,9796,堆煤場,294. 9796 堆煤場
295,9797,管路設施,295. 9797 管路設施
296,9798,消防設施,296. 9798 消防設施
297,9799,運輸作業車輛,297. 9799 運輸作業車輛
298,9800,掩埋設施,298. 9800 掩埋設施
299,9997,無量測設施,299. 9997 無量測設施
300,9998,無防治/處理設備,300. 9998 無防治/處理設備
301,9999,其他未歸類設施,301. 9999 其他未歸類設施
302,A100,一氧化碳轉化槽,302. A100 一氧化碳轉化槽
303,A101,廢氣焚化爐,303. A101 廢氣焚化爐
304,A109,其他後燃燒器,304. A109 其他後燃燒器
305,A110,高燃燒塔,305. A110 高燃燒塔
306,A119,其他廢氣燃燒塔,306. A119 其他廢氣燃燒塔
307,A120,脈動式袋式集塵器,307. A120 脈動式袋式集塵器
308,A121,空氣逆洗式袋式集塵器,308. A121 空氣逆洗式袋式集塵器
309,A122,振動式袋式集塵器,309. A122 振動式袋式集塵器
310,A129,其他袋式集塵器,310. A129 其他袋式集塵器
311,A130,旋風分離器,311. A130 旋風分離器
312,A133,沈降室,312. A133 沈降室
313,A139,其他慣性收集器,313. A139 其他慣性收集器
314,A140,靜電集塵器,314. A140 靜電集塵器
315,A150,氣液分離器,315. A150 氣液分離器
316,A160,洗滌塔,316. A160 洗滌塔
317,A167,文式洗滌塔,317. A167 文式洗滌塔
318,A168,乾式排煙脫硫,318. A168 乾式排煙脫硫
319,A169,濕式排煙脫硫,319. A169 濕式排煙脫硫
320,A179,其他洗滌、吸收塔(器),320. A179 其他洗滌、吸收塔(器)
321,A180,吸附設備,321. A180 吸附設備
322,A190,冷凝器,322. A190 冷凝器
323,A200,選擇觸媒還原(SCR)設備,323. A200 選擇觸媒還原(SCR)設備
324,A201,選擇無觸媒還原(SNCR)設備,324. A201 選擇無觸媒還原(SNCR)設備
325,A210,其他,
